Rank,name,Revenues ($M),Revenue Percent Change,Profits ($M),Profits Percent Change,Assets ($M),Market Value — as of March 31 2020 ($M),Change in Rank (Full 1000),Employees,Change in Rank (500 only)
1,Walmart,$523964,1.9%,$14881,123.1%,$236495,$321803.3,-,2200000,-,
2,Amazon.com,$280522,20.5%,$11588,15%,$225248,$970680.1,3,798000,3,
3,Exxon Mobil,$264938,-8.7%,$14340,-31.2%,$362597,$160696.3,-1,74900,-1,
4,Apple,$260174,-2%,$55256,-7.2%,$338516,$1112640.8,-1,137000,-1,
5,CVS Health,$256776,32%,$6634,-,$222449,$77375.8,3,290000,3,
6,Berkshire Hathaway,$254616,2.7%,$81417,1924.8%,$817729,$442897.1,-2,391500,-2,
7,UnitedHealth Group,$242155,7%,$13839,15.5%,$173889,$236555.2,-1,325000,-1,
8,McKesson,$214319,2.9%,$34,-49.3%,$59672,$21845,-1,70000,-1,
9,AT&T,$181193,6.1%,$13903,-28.2%,$551669,$209387.5,-,247800,-,
10,AmerisourceBergen,$179589.1,6.9%,$855.4,-48.4%,$39172,$18221.4,-,21500,-,
11,Alphabet,$161857,18.3%,$34343,11.7%,$275909,$798905.3,4,118899,4,
12,Ford Motor,$155900,-2.8%,$47,-98.7%,$258537,$19150.6,-,190000,-,
13,Cigna,$153566,215.7%,$5104,93.6%,$155774,$65896.7,52,73700,52,
14,Costco Wholesale,$152703,7.9%,$3659,16.8%,$45400,$125907.7,-,201500,-,
15,Chevron,$146516,-11.9%,$2924,-80.3%,$237428,$136175.9,-4,48200,-4,
16,Cardinal Health,$145534,6.4%,$1363,432.4%,$40963,$13988.1,-,49500,-,
17,JPMorgan Chase,$142422,8.4%,$36431,12.2%,$2687379,$276750.1,1,256981,1,
18,General Motors,$137237,-6.7%,$6732,-16%,$228037,$29694.7,-5,164000,-5,
19,Walgreens Boots Alliance,$136866,4.1%,$3982,-20.7%,$67598,$40528.2,-2,287000,-2,
20,Verizon Communications,$131868,0.8%,$19265,24.1%,$291727,$222220,-1,135000,-1,
21,Microsoft,$125843,14%,$39240,136.8%,$286556,$1199549.7,5,144000,5,
22,Marathon Petroleum,$124813,28.5%,$2637,-5.1%,$98556,$15353,9,60910,9,
23,Kroger,$122286,0.9%,$1659,-46.7%,$45256,$24113.7,-3,435000,-3,
24,Fannie Mae,$120304,0.2%,$14160,-11.3%,$3503319,$1841.4,-2,7500,-2,
25,Bank of America,$113589,2.7%,$27430,-2.5%,$2434079,$185226.9,-,208131,-,
26,Home Depot,$110225,1.9%,$11242,1.1%,$51236,$200665,1,415700,1,
27,Phillips 66,$109559,-4.1%,$3076,-45%,$58720,$23490,-4,14500,-4,
28,Comcast,$108942,15.3%,$13057,11.3%,$263414,$156533.3,4,190000,4,
29,Anthem,$104213,13.1%,$4807,28.2%,$77453,$57245.2,4,70600,4,
30,Wells Fargo,$103915,2.8%,$19549,-12.7%,$1927555,$117365.7,-1,259800,-1,
31,Citigroup,$103449,6.5%,$19401,7.5%,$1951158,$88376.5,-1,200000,-1,
32,Valero Energy,$102729,-7.8%,$2422,-22.4%,$53864,$18531.6,-8,10222,-8,
33,General Electric,$95214,-20.8%,$-4979,-,$266048,$69406.1,-12,205000,-12,
34,Dell Technologies,$92154,1.7%,$4616,-,$118861,$29246.2,-,165000,-,
35,Johnson & Johnson,$82059,0.6%,$15119,-1.2%,$157728,$345704.9,2,132200,2,
36,State Farm Insurance,$79395.3,-2.9%,$5592.7,-36.4%,$294823.2,-,-,57672,-,
37,Target,$78112,3.7%,$3281,11.7%,$42779,$46574.4,2,368000,2,
38,IBM,$77147,-3.1%,$9431,8.1%,$152186,$98551.1,-,383800,-,
39,Raytheon Technologies,$77046,15.9%,$5537,5.1%,$139716,$81705.3,7,243200,7,
40,Boeing,$76559,-24.3%,$-636,-106.1%,$133625,$84148.6,-12,161100,-12,
41,Freddie Mac,$75125,2.1%,$7214,-21.9%,$2203623,$908.7,-1,6892,-1,
42,Centene,$74639,24.2%,$1321,46.8%,$40994,$34862.4,9,56600,9,
43,United Parcel Service,$74094,3.1%,$4440,-7.3%,$57857,$80196.1,-2,377640,-2,
44,Lowe's,$72148,1.2%,$4281,85%,$39471,$64963.3,-2,260000,-2,
45,Intel,$71965,1.6%,$21048,-,$136524,$231661.9,-2,110800,-2,
46,Facebook,$70697,26.6%,$18485,-16.4%,$133376,$475455.2,11,44942,11,
47,FedEx,$69693,6.5%,$540,-88.2%,$54403,$31679.1,-,389500,-,
48,MetLife,$69620,2.5%,$5899,15.1%,$740463,$27996.9,-4,49000,-4,
49,Walt Disney,$69570,17.1%,$11054,-12.3%,$193984,$174405.4,4,223000,4,
50,Procter & Gamble,$67684,1.3%,$3897,-60%,$115095,$271639.8,-5,97000,-5,
51,PepsiCo,$67161,3.9%,$7314,-41.6%,$78547,$166847.8,-3,267000,-3,
52,Humana,$64888,14%,$2707,60.8%,$29074,$41489.5,4,46000,4,
53,Prudential Financial,$64807,2.9%,$4186,2.7%,$896552,$20649.7,-3,51511,-3,
54,Archer Daniels Midland,$64656,0.5%,$1379,-23.8%,$43997,$19602.6,-5,38100,-5,
55,Albertsons,$60534.5,1%,$131.1,183.2%,$20776.6,-,-3,267000,-3,
56,Sysco,$60113.9,2.4%,$1674.3,17%,$17966.5,$23203.2,-2,69000,-2,
57,Lockheed Martin,$59812,11.3%,$6230,23.5%,$47528,$95539.3,3,110000,3,
58,HP,$58756,0.5%,$3152,-40.8%,$33467,$24820.7,-3,56000,-3,
59,Energy Transfer,$54213,-0.4%,$3592,112%,$98880,$12373.5,-,12812,-,
60,Goldman Sachs Group,$53922,2.7%,$8466,-19.1%,$992968,$55416.7,2,38300,2,
61,Morgan Stanley,$53823,7.2%,$9042,3.4%,$895429,$52101.5,2,60431,2,
62,Caterpillar,$53800,-1.7%,$6093,-0.9%,$78453,$63831.6,-4,102300,-4,
63,Cisco Systems,$51904,5.2%,$11621,10464.5%,$97793,$166709,1,75900,1,
64,Pfizer,$51750,-3.5%,$16273,45.9%,$167489,$181074.9,-3,88300,-3,
65,HCA Healthcare,$51336,10%,$3505,-7.4%,$45058,$30411.4,2,245000,2,
66,AIG,$49746,5%,$3348,-,$525064,$20886.3,-,46000,-,
67,American Express,$47020,8.6%,$6759,-2.3%,$198321,$68982.7,5,64500,5,
68,Delta Air Lines,$47007,5.8%,$4767,21.1%,$64532,$18261.9,1,91224,1,
69,Merck,$46840,10.7%,$9843,58.2%,$84397,$195140.5,7,71000,7,
70,American Airlines Group,$45768,2.8%,$1686,19.4%,$59995,$5193.7,-2,133700,-2,
71,Charter Communications,$45764,4.9%,$1668,35.6%,$148188,$111924,-1,95100,-1,
72,Allstate,$44675,12.2%,$4847,115.2%,$119950,$29070.5,10,46035,10,
73,New York Life Insurance,$44116.6,1.6%,$1003.8,14.1%,$330806.3,-,-2,11519,-2,
74,Nationwide,$43982,1.6%,$829.7,61.9%,$239539.6,-,-1,28114,-1,
75,Best Buy,$43638,1.8%,$1541,5.3%,$15591,$14647.4,-1,125000,-1,
76,United Airlines Holdings,$43259,4.7%,$3009,41.3%,$52611,$7822.9,2,96000,2,
77,Liberty Mutual Insurance Group,$43228,1.3%,$1044,-51.7%,$133644,-,-2,45000,-2,
78,Dow,$42951,-,$-1359,-,$60524,$21716,-,36500,-,
79,Tyson Foods,$42405,5.9%,$2022,-33.1%,$33097,$21124.8,1,141000,1,
80,TJX,$41717,7%,$3272.2,6.9%,$24145,$57262,5,286000,5,
81,TIAA,$40454.4,-1.5%,$2460.1,57.6%,$615042.3,-,-2,16533,-2,
82,Oracle,$39506,-0.8%,$11083,189.8%,$108709,$152412.7,-1,136000,-1,
83,General Dynamics,$39350,8.7%,$3484,4.2%,$48841,$38398.1,9,102900,9,
84,Deere,$39258,5.1%,$3253,37.4%,$73011,$43329.7,3,73489,3,
85,Nike,$39117,7.5%,$4029,108.4%,$23717,$128857,5,76700,5,
86,Progressive,$39022.3,22%,$3970.3,51.8%,$54895.3,$43218.4,13,41571,13,
87,Publix Super Markets,$38462.8,5.7%,$3005.4,26.2%,$24507.1,-,4,207000,4,
88,Coca-Cola,$37266,17%,$8920,38.6%,$86381,$189983,12,86200,12,
89,Massachusetts Mutual Life Insurance,$37253.4,-5.1%,$3700.7,830.1%,$290730.7,-,-5,9896,-5,
90,Tech Data,$36998.4,-0.6%,$374.5,10%,$13268.6,$4645,-2,15000,-2,
91,World Fuel Services,$36819,-7.4%,$178.9,40.1%,$5992.4,$1646.9,-8,5500,-8,
92,Honeywell International,$36709,-12.2%,$6143,-9.2%,$58679,$94627.9,-15,113000,-15,
93,ConocoPhillips,$36670,-5.3%,$7189,14.9%,$70514,$33167.3,-7,10400,-7,
94,USAA,$35617.4,13.5%,$4006.3,74.8%,$173732.6,-,7,35076,7,
95,Exelon,$34438,-4.3%,$2936,46.1%,$124977,$35850.4,-2,32713,-2,
96,Northrop Grumman,$33841,12.4%,$2248,-30.4%,$41089,$50718.6,12,90000,12,
97,Capital One Financial,$33766,4.3%,$5546,-7.8%,$390365,$23063.2,1,51900,1,
98,Plains GP Holdings,$33669,-1.1%,$331,-0.9%,$29969,$1021.8,-4,5000,-4,
99,AbbVie,$33266,1.6%,$7882,38.6%,$89115,$112507.7,-3,30000,-3,
100,StoneX,$32897,19.1%,$85.1,53.3%,$9936.1,$699.9,12,2012,12,
101,Enterprise Products Partners,$32789.2,-10.3%,$4591.3,10%,$61733.2,$31305.9,-12,7300,-12,
102,Northwestern Mutual,$32293.6,10.9%,$1268,61.9%,$290318,-,9,5964,9,
103,3M,$32136,-1.9%,$4570,-14.6%,$44659,$78528.8,-8,96163,-8,
104,Abbott Laboratories,$31904,4.3%,$3687,55.7%,$67887,$139152.5,-1,107000,-1,
105,CHS,$31900.5,-2.4%,$829.9,7%,$16447.5,-,-8,10703,-8,
106,Travelers,$31581,4.3%,$2622,3.9%,$110122,$25337.3,-,30800,-,
107,Philip Morris International,$29805,0.6%,$7185,-9.2%,$42875,$113606.4,3,73500,3,
108,Raytheon,$29176,7.8%,$3343,14.9%,$34566,$36517.5,6,70000,6,
109,Hewlett Packard Enterprise,$29135,-5.6%,$1049,-45%,$51803,$12509.8,-7,61600,-7,
110,Arrow Electronics,$28916.8,-2.6%,$-204.1,-128.5%,$16400.8,$4182.9,-1,19300,-1,
111,ViacomCBS,$27812,91.6%,$3308,68.8%,$49519,$8798.2,106,26280,106,
112,Dollar General,$27754,8.3%,$1712.6,7.7%,$22825.1,$38045.7,7,143000,7,
113,U.S. Bancorp,$27325,6%,$6914,-2.6%,$495426,$52407.5,4,69651,4,
114,Starbucks,$26508.6,7.2%,$3599.2,-20.3%,$19219.6,$77178.6,7,346000,7,
115,Bristol-Myers Squibb,$26145,15.9%,$3439,-30.1%,$129944,$126109.7,23,30000,23,
116,US Foods Holding,$25939,7.3%,$385,-5.4%,$11288,$3898.4,9,28000,9,
117,Mondelez International,$25868,-0.3%,$3870,14.5%,$64549,$71761.8,-1,80000,-1,
118,Paccar,$25599.7,9%,$2387.9,8.8%,$28361.1,$21174.9,12,27000,12,
119,Thermo Fisher Scientific,$25542,4.9%,$3696,25.8%,$58381,$113107.7,5,75000,5,
120,Macy's,$25331,-1.6%,$564,-49.1%,$21172,$1520.4,-2,123000,-2,
121,Jabil,$25282.3,14.4%,$287.1,232.6%,$12970.5,$3738.4,19,200000,19,
122,Kraft Heinz,$24977,-4.9%,$1935,-,$101450,$30226.3,-7,37000,-7,
123,Duke Energy,$24658,2.2%,$3748,40.6%,$158838,$59368.2,3,28793,3,
124,Tesla,$24578,14.5%,$-862,-,$34309,$96473.4,20,48016,20,
125,PBF Energy,$24508.2,-9.9%,$319.4,148.9%,$9132.4,$848.1,-12,3442,-12,
126,Qualcomm,$24273,7.4%,$4386,-,$32957,$77326.8,11,37000,11,
127,NGL Energy Partners,$24087.8,39.4%,$360,-,$5902.5,$333.7,52,1300,52,
128,CBRE Group,$23894.1,12%,$1282.4,20.6%,$16197.2,$12625,18,100000,18,
129,Baker Hughes,$23838,4.2%,$128,-34.4%,$53369,$10827.3,-,68000,-,
130,Synnex,$23757.3,18.5%,$500.7,66.6%,$11698,$3718.9,28,240900,28,
131,Dollar Tree,$23610.8,3.5%,$827,-,$19574.6,$17398.5,4,125000,4,
132,Cummins,$23571,-0.8%,$2260,5.6%,$19737,$20043.9,-4,61615,-4,
133,United Natural Foods,$23481.1,129.6%,$-285,-272%,$7181,$492.2,177,19000,177,
134,Micron Technology,$23406,-23%,$6313,-55.3%,$48887,$46778.5,-29,37000,-29,
135,Amgen,$23362,-1.6%,$7842,-6.6%,$59707,$119571.5,-6,23400,-6,
136,Penske Automotive Group,$23179.4,1.7%,$435.8,-7.5%,$13942.7,$2264.9,-,26980,-,
137,Visa,$22977,11.5%,$12080,17.3%,$72574,$316199.1,16,19500,16,
138,Broadcom,$22597,8.4%,$2724,-77.8%,$67493,$94790.5,12,19000,12,
139,Nucor,$22588.9,-9.9%,$1271.1,-46.2%,$18344.7,$10846.8,-19,26800,-19,
140,Gilead Sciences,$22449,1.5%,$5386,-1.3%,$61627,$94124,-1,11800,-1,
141,Southwest Airlines,$22428,2.1%,$2300,-6.7%,$25895,$18420.9,1,60767,1,
142,Halliburton,$22408,-6.6%,$-1131,-168.3%,$25377,$6027.4,-15,55000,-15,
143,CenturyLink,$22401,-4.4%,$-5269,-,$64742,$10307.1,-11,42500,-11,
144,International Paper,$22376,-4%,$1225,-39.1%,$33471,$12206.8,-11,51000,-11,
145,Eli Lilly,$22319.5,-9.1%,$8318.4,157.4%,$39286.1,$132760.4,-22,33625,-22,
146,Aflac,$22307,2.5%,$3304,13.2%,$152768,$24738.8,-3,11729,-3,
147,Lennar,$22259.6,8.2%,$1849.1,9%,$29359.5,$11590.8,7,10106,7,
148,Occidental Petroleum,$21971,16%,$-667,-116.1%,$109330,$10366.7,19,14400,19,
149,Union Pacific,$21708,-4.9%,$5919,-0.8%,$61673,$97354.5,-15,37483,-15,
150,Rite Aid,$21674.4,-28.3%,$-422.2,-144.8%,$7591.4,$822.3,-43,42645,-43,
151,PNC Financial Services Group,$21624,8.2%,$5369,1.3%,$410295,$41037.7,8,50968,8,
152,DuPont,$21512,-75%,$498,-87%,$69396,$25213.1,-117,35000,-117,
153,Southern,$21419,-8.8%,$4739,112.9%,$118700,$57075.9,-22,27943,-22,
154,AutoNation,$21335.7,-0.4%,$450,13.6%,$10543.3,$2510.7,-9,25000,-9,
155,DXC Technology,$21184,-13.7%,$1257,-28.2%,$29574,$3311.1,-33,130000,-33,
156,McDonald's,$21076.5,0.2%,$6025.4,1.7%,$47510.8,$123259.6,-7,205000,-7,
157,Marriott International,$20972,1%,$1273,-33.2%,$25051,$24254.5,-6,174000,-6,
158,ManpowerGroup,$20863.5,-5.1%,$465.7,-16.3%,$9223.8,$3109.4,-17,28000,-17,
159,Bank of New York Mellon,$20822,8.4%,$4441,4.1%,$381508,$29808.5,4,48400,4,
160,Hartford Financial Services Group,$20740,4.6%,$2085,15.4%,$70817,$12624.8,1,19500,1,
161,Danaher,$20521.2,3.2%,$3008.2,13.5%,$62081.6,$96457.3,-1,60000,-1,
162,Whirlpool,$20419,-2.9%,$1184,-,$18881,$5377.8,-14,77000,-14,
163,AECOM,$20173.3,0.1%,$-261.1,-291.3%,$14461.6,$4734.9,-6,86000,-6,
164,Netflix,$20156.4,27.6%,$1866.9,54.1%,$33975.7,$164771.9,33,8600,33,
165,Kohl's,$19974,-1.3%,$691,-13.7%,$14555,$2265,-9,79500,-9,
166,Lear,$19810.3,-6.3%,$753.6,-34.5%,$12680.7,$4913.4,-19,164100,-19,
167,Altria Group,$19796,0.9%,$-1293,-118.6%,$49271,$71863,-5,7300,-5,
168,Performance Food Group,$19743.5,12.1%,$166.8,-16.1%,$4653.5,$2896.7,8,18000,8,
169,Avnet,$19518.6,2.5%,$176.3,-,$8564.6,$2505.9,-4,15500,-4,
170,Synchrony Financial,$19461,6.6%,$3747,34.3%,$104826,$9870.8,3,16500,3,
171,Genuine Parts,$19392.3,3.5%,$621.1,-23.4%,$14645.6,$9788.5,-2,55000,-2,
172,NextEra Energy,$19204,14.8%,$3769,-43.2%,$117691,$117655,12,14800,12,
173,CarMax,$19146,6.5%,$842.4,26.8%,$18717.9,$8795,1,25946,1,
174,Tenet Healthcare,$18479,0.9%,$-232,-309%,$23351,$1501.8,-2,101104,-2,
175,Kimberly-Clark,$18450,-0.2%,$2157,53%,$15283,$43662.5,-4,40000,-4,
176,Emerson Electric,$18372,5.5%,$2306,4.7%,$20497,$29154.2,2,88000,2,
177,WestRock,$18289,12.3%,$862.9,-54.7%,$30156.7,$7304,13,51100,13,
178,CDW,$18032.4,11%,$736.8,14.6%,$7999.4,$13316.3,13,9900,13,
179,Jones Lang LaSalle,$17983.2,10.2%,$535.3,10.5%,$13672.6,$5207.1,10,93400,10,
180,Sherwin-Williams,$17900.8,2.1%,$1541.3,39%,$20496.2,$42185.8,-3,61111,-3,
181,Fluor,$17817.2,-7%,$-1305,-680.4%,$7883.7,$968.6,-17,53349,-17,
182,PayPal Holdings,$17772,15%,$2459,19.5%,$51333,$112298.8,22,23200,22,
183,D.R. Horton,$17592.9,9.5%,$1618.5,10.8%,$15606.6,$12456.4,11,8916,11,
184,HollyFrontier,$17486.6,-1.3%,$772.4,-29.7%,$12164.8,$3967.8,-9,4074,-9,
185,Tenneco,$17450,48.3%,$-334,-707.3%,$13226,$292.3,82,78000,82,
186,EOG Resources,$17380,0.6%,$2734.9,-20%,$37124.6,$20907.4,-5,2900,-5,
187,Becton Dickinson,$17290,8.2%,$1233,296.5%,$51765,$62307.5,8,70093,8,
188,Lincoln National,$17258,5.1%,$886,-46%,$334761,$5142.2,-1,11357,-1,
189,PG&E,$17129,2.2%,$-7656,-,$85196,$4762.8,-6,23000,-6,
190,salesforce.com,$17098,28.7%,$126,-88.6%,$55126,$128862.1,50,49000,50,
191,Mastercard,$16883,12.9%,$8118,38.6%,$29236,$242794.1,19,18600,19,
192,General Mills,$16865.2,7.1%,$1752.7,-17.8%,$30111.2,$31986,8,40000,8,
193,Molina Healthcare,$16829,-10.9%,$737,4.2%,$6787,$8500.8,-25,10000,-25,
194,Cognizant Technology Solutions,$16783,4.1%,$1842,-12.3%,$16204,$25495.2,-1,292500,-1,
195,Marsh & McLennan,$16652,11.4%,$1742,5.6%,$31357,$43567,15,76000,15,
196,XPO Logistics,$16648,-3.7%,$419,-0.7%,$14128,$4502.4,-16,100000,-16,
197,Dominion Energy,$16572,24%,$1358,-44.5%,$103823,$60514.9,41,19100,41,
198,Western Digital,$16569,-19.8%,$-754,-211.7%,$26370,$12441.5,-46,61800,-46,
199,Gap,$16383,-1.2%,$351,-65%,$13679,$2614,-13,129000,-13,
200,Aramark,$16227.3,2.8%,$448.5,-21%,$13736.3,$5037.8,-2,233400,-2,
201,Principal Financial,$16222.1,13.9%,$1394.2,-9.8%,$276087.8,$8608.7,18,17601,18,
202,Ross Stores,$16039.1,7%,$1660.9,4.6%,$9348.4,$30952.3,7,92500,7,
203,Colgate-Palmolive,$15693,1%,$2367,-1.4%,$15034,$56900.2,-1,34300,-1,
204,American Electric Power,$15561.4,-3.9%,$1921.1,-0.1%,$75892.3,$39576.7,-12,17408,-12,
205,Nordstrom,$15524,-2.1%,$496,-12.1%,$9737,$2398.4,-9,75000,-9,
206,Jacobs Engineering Group,$15463.6,3.2%,$848,418.9%,$11462.7,$10546.9,2,50000,2,
207,Waste Management,$15455,3.6%,$1670,-13.2%,$27743,$39210.9,6,44900,6,
208,C.H. Robinson Worldwide,$15309.5,-7.9%,$577,-13.2%,$4641.1,$8694.7,-23,15427,-23,
209,PPG Industries,$15146,-1.5%,$1243,-7.3%,$17708,$19722.1,-4,47600,-4,
210,Booking Holdings,$15066,3.7%,$4865,21.7%,$21402,$55241.3,6,26400,6,
211,Omnicom Group,$14953.7,-2.2%,$1339.1,1%,$26783.4,$11906,-5,70000,-5,
212,Loews,$14931,6.1%,$932,46.5%,$82243,$10023,14,18605,14,
213,Ecolab,$14906.3,1.6%,$1558.9,9.1%,$20869.1,$45060.8,2,50200,2,
214,Stryker,$14884,9.4%,$2083,-41.4%,$30167,$62405.1,19,40000,19,
215,Estée Lauder,$14863,8.6%,$1785,61.1%,$13156,$57289.1,16,48000,16,
216,Goodyear Tire & Rubber,$14745,-4.7%,$-311,-144.9%,$17185,$1354.2,-13,63000,-13,
217,Truist Financial,$14664,12.8%,$3224,-0.4%,$473078,$41479.8,29,59000,29,
218,Applied Materials,$14608,-15.3%,$2706,-18.3%,$19024,$42076.7,-36,22000,-36,
219,BlackRock,$14539,2.4%,$4476,4%,$168622,$68119.5,2,16200,2,
220,Stanley Black & Decker,$14442.2,3.3%,$955.8,57.9%,$20596.6,$15402.5,8,59438,8,
221,Freeport-McMoRan,$14402,-22.7%,$-239,-109.2%,$40809,$9794.1,-51,27500,-51,
222,Texas Instruments,$14383,-8.9%,$5017,-10.1%,$18018,$93303.2,-23,29768,-23,
223,Biogen,$14377.9,6.9%,$5888.5,32.9%,$27234.3,$55070.4,12,7400,12,
224,Parker-Hannifin,$14320.3,0.1%,$1512.4,42.6%,$17576.7,$16652.5,-6,55610,-6,
225,Reinsurance Group of America,$14300,11.1%,$870,21.5%,$76731,$5186,26,3188,26,
226,Howmet Aerospace,$14192,1.3%,$470,-26.8%,$17578,$7000.9,1,41700,1,
227,Automatic Data Processing,$14175.2,6.4%,$2292.8,41.5%,$41887.7,$59012.2,12,58000,12,
228,Uber Technologies,$14147,25.5%,$-8506,-953.2%,$31761,$48226.1,-,26900,-,
229,Illinois Tool Works,$14109,-4.5%,$2521,-1.6%,$15068,$45125.6,-15,45000,-15,
230,DaVita,$14101.5,-13.9%,$811,408.8%,$17311.4,$9553.1,-42,65000,-42,
231,Discover Financial Services,$13989,8.9%,$2957,7.8%,$113996,$10923.5,22,17200,22,
232,Land O'Lakes,$13887.7,-7%,$205.9,-19.1%,$8899.3,-,-20,8000,-20,
233,VF,$13870.6,7.8%,$1259.8,91.3%,$10356.8,$21346.5,19,75000,19,
234,Corteva,$13846,-,$-959,-,$42397,$17608.2,-,21000,-,
235,Las Vegas Sands,$13739,0.1%,$2698,11.8%,$23199,$32433.7,-5,50000,-5,
236,Textron,$13630,-2.4%,$815,-33.3%,$15018,$6071.3,-7,35000,-7,
237,Kellogg,$13578,0.2%,$960,-28.1%,$17564,$20546.5,-3,31000,-3,
238,Guardian Life Ins. Co. of America,$13476.7,3.5%,$679.8,46.2%,$79387.7,-,6,9032,6,
239,Qurate Retail,$13458,-4.3%,$-456,-149.8%,$17305,$2539.6,-14,25314,-14,
240,Core-Mark Holding,$13329.2,3.3%,$57.7,26.8%,$1898.4,$1294.8,10,8555,10,
241,Community Health Systems,$13210,-6.7%,$-675,-,$15609,$393.6,-18,71500,-18,
242,Kinder Morgan,$13209,-6.6%,$2190,36.1%,$74157,$31529.7,-18,11086,-18,
243,BJ's Wholesale Club,$13190.7,1.4%,$187.2,47.1%,$5269.8,$3496.2,2,27231,2,
244,State Street,$13131,1.2%,$2242,-13.7%,$245610,$18875.8,3,39103,3,
245,Ameriprise Financial,$13103,1.4%,$1893,-9.8%,$151828,$12601.8,4,12500,4,
246,Global Partners,$13081.7,3.2%,$35.9,-65.5%,$2808.4,$299.8,8,3860,8,
247,United States Steel,$12937,-8.8%,$-630,-156.5%,$11608,$1074.3,-25,27500,-25,
248,L Brands,$12914.2,-2.4%,$-366.4,-156.9%,$10125,$3196.7,-7,59950,-7,
249,MGM Resorts International,$12899.7,9.7%,$2049.1,339%,$33876.4,$5813.8,17,72000,17,
250,L3Harris Technologies,$12856,108%,$1333,85.7%,$38336,$39067.3,224,50000,224,
251,DISH Network,$12807.7,-6%,$1399.5,-11.1%,$33230.9,$10455.8,-19,16000,-19,
252,Lithia Motors,$12672.7,7.2%,$271.5,2.2%,$6083.9,$1910,13,14320,13,
253,DTE Energy,$12669,-10.9%,$1169,4.4%,$41882,$18289.5,-33,10700,-33,
254,American Family Insurance Group,$12633.2,22.2%,$455.9,54.4%,$31123.7,-,52,13531,52,
255,Farmers Insurance Exchange,$12592.5,8.1%,$55.3,-,$17456.5,-,15,10980,15,
256,Consolidated Edison,$12574,1.9%,$1343,-2.8%,$58079,$26034.5,3,14890,3,
257,LKQ,$12506.1,5.3%,$541.3,12.7%,$12780,$6310.7,5,51000,5,
258,Sempra Energy,$12443,6.5%,$2197,109.4%,$65665,$33037.4,11,13969,11,
259,Edison International,$12347,-2.4%,$1284,-,$64382,$19867.6,-4,12937,-4,
260,CenterPoint Energy,$12301,16.2%,$791,114.9%,$35439,$7765.4,39,14262,39,
261,Quanta Services,$12112.2,8.4%,$402,37.1%,$8331.7,$4537.2,22,40300,22,
262,Murphy USA,$12101.3,-3.4%,$154.8,-27.5%,$2687.2,$2556.8,-5,7250,-5,
263,Expedia Group,$12067,7.5%,$565,39.2%,$21416,$7877.2,17,25400,17,
264,Group 1 Automotive,$12043.8,3.8%,$174,10.3%,$5570.2,$813.2,8,15296,8,
265,Bed Bath & Beyond,$12028.8,-2.6%,$-137.2,-132.3%,$6570.5,$534.5,-7,62000,-7,
266,Unum Group,$11998.9,3.5%,$1100.3,110.2%,$67013.4,$3046.6,7,10300,7,
267,CSX,$11937,-2.6%,$3331,0.7%,$38257,$44161.7,-7,20908,-7,
268,AutoZone,$11863.7,5.7%,$1617.2,20.9%,$9895.9,$19756.2,13,75840,13,
269,Pacific Life,$11847,10.7%,$725,-20.6%,$171473,-,29,3815,29,
270,Vistra Energy,$11809,29.1%,$928,-,$26616,$7795.3,67,5475,67,
271,Charles Schwab,$11785,7.2%,$3704,5.6%,$294005,$43278.2,18,19700,18,
272,Crown Holdings,$11665,4.6%,$510,16.2%,$15505,$7875.8,12,33043,12,
273,Ally Financial,$11618,11%,$1715,35.8%,$180644,$5402.5,30,8700,30,
274,Laboratory Corp. of America,$11554.8,2%,$823.8,-6.8%,$18046.4,$12297.7,4,65000,4,
275,Live Nation Entertainment,$11548,7%,$69.9,16%,$10975.6,$9752.6,17,18200,17,
276,Xcel Energy,$11529,-0.1%,$1372,8.8%,$50448,$31637.5,-2,11295,-2,
277,Corning,$11503,1.9%,$960,-9.9%,$28898,$15664.2,2,49500,2,
278,W.W. Grainger,$11486,2.4%,$849,8.6%,$6005,$13337.8,4,24550,4,
279,Ball,$11474,-1.4%,$566,24.7%,$17360,$21065.3,-8,18300,-8,
280,Fox,$11389,-,$1595,-,$19509,$14142.9,-,7700,-,
281,Universal Health Services,$11378.3,5.6%,$814.9,4.5%,$11668.3,$8593.2,12,79050,12,
282,Baxter International,$11362,2.4%,$1001,-35.3%,$18193,$41180.1,4,50000,4,
283,Norfolk Southern,$11296,-1.4%,$2722,2.1%,$37923,$37537.3,-6,24587,-6,
284,Navistar International,$11251,9.8%,$221,-35%,$6917,$1640.6,24,12300,24,
285,Adobe,$11171.3,23.7%,$2951.5,13.9%,$20762.4,$153328.3,54,22634,54,
286,J.C. Penney,$11167,-7.1%,$-268,-,$7989,$115.6,-25,90000,-25,
287,Discovery,$11144,5.6%,$2069,248.3%,$33735,$9503.1,13,9200,13,
288,Keurig Dr Pepper,$11120,49.4%,$1254,114%,$49518,$34147.6,121,25500,121,
289,Leidos Holdings,$11094,8.8%,$667,14.8%,$9367,$13000.3,22,34000,22,
290,IQVIA Holdings,$11088,6.5%,$191,-26.3%,$23251,$20797.2,15,67000,15,
291,Reliance Steel & Aluminum,$10973.8,-4.9%,$701.5,10.7%,$8131.1,$5856.3,-16,15300,-16,
292,Nvidia,$10918,-6.8%,$2796,-32.5%,$17315,$161451.2,-24,13775,-24,
293,Entergy,$10878.7,-1.2%,$1241.2,46.3%,$51723.9,$18870.6,-5,13635,-5,
294,FirstEnergy,$10850,-8.5%,$912,-32.3%,$42301,$21666.4,-31,12316,-31,
295,eBay,$10800,0.5%,$1786,-29.4%,$18174,$23930.2,-,13300,-,
296,Boston Scientific,$10735,9.3%,$4700,181.3%,$30565,$45655.9,23,36000,23,
297,ODP,$10647,-4.3%,$99,-4.8%,$7311,$867.7,-12,40000,-12,
298,Molson Coors Beverage,$10579.4,-1.8%,$241.7,-78.4%,$28859.8,$8441,-4,17700,-4,
299,Steel Dynamics,$10465,-11.5%,$671.1,-46.7%,$8275.8,$4793.8,-35,8385,-35,
300,Mutual of Omaha Insurance,$10455.7,11.9%,$271.5,-2.1%,$50173.6,-,36,6072,36,
301,Sonic Automotive,$10454.3,5.1%,$144.1,179.1%,$4071,$567.1,15,9300,15,
302,Alcoa,$10433,-22.2%,$-1125,-595.6%,$14631,$1145.2,-66,13800,-66,
303,Fidelity National Information Services,$10333,22.7%,$298,-64.8%,$83806,$74969.4,58,55000,58,
304,Henry Schein,$10305.3,-21.9%,$694.7,29.6%,$7151.1,$7244.1,-62,19000,-62,
305,Republic Services,$10299.4,2.6%,$1073.3,3.5%,$22683.8,$23955.7,9,36000,9,
306,Liberty Media,$10292,28%,$106,-80%,$44189,$9971.6,74,6753,74,
307,Peter [hotlink ignore=true]Kiewit[/hotlink] Sons',$10283,13.9%,$419,-10.5%,$5717,-,33,23000,33,
308,Interpublic Group,$10221.3,5.2%,$656,6%,$17751.9,$6278.9,14,54300,14,
309,PulteGroup,$10213,0.2%,$1016.7,-0.5%,$10715.6,$6014.8,3,5245,3,
310,AES,$10189,-5.1%,$303,-74.8%,$33648,$9040.8,-14,8000,-14,
311,Fiserv,$10187,74.9%,$893,-24.8%,$77539,$64507.6,177,44000,177,
312,BorgWarner,$10168,-3.4%,$746,-19.8%,$9702,$5037.4,-11,29000,-11,
313,Oneok,$10164.4,-19.3%,$1278.6,11%,$21812.1,$9014.5,-57,2882,-57,
314,O'Reilly Automotive,$10150,6.4%,$1391,5%,$10717.2,$22353.4,15,67663,15,
315,Assurant,$10086.8,25.2%,$382.6,52.4%,$44291.2,$6217.9,63,13900,63,
316,Newell Brands,$10083.1,-22.6%,$106.6,-,$15642,$5949.1,-73,30000,-73,
317,Public Service Enterprise Group,$10076,3.9%,$1693,17.7%,$47730,$22685.3,6,12992,6,
318,News Corp.,$10074,11.6%,$155,-,$15711,$5279.7,23,28000,23,
319,Calpine,$10072,5.9%,$770,7600%,$16649,-,11,2256,11,
320,Auto-Owners Insurance,$10007.4,25.1%,$1352.4,79.2%,$27134.8,-,62,6141,62,
321,Mohawk Industries,$9970.7,-0.1%,$744.2,-13.6%,$13386.7,$5464.3,-6,41800,-6,
322,PVH,$9909,2.6%,$417.3,-44.1%,$13631,$2746.2,2,30750,2,
322,Campbell Soup,$9909,14.1%,$211,-19.2%,$13148,$13928.5,27,19000,27,
324,NRG Energy,$9871,-8.6%,$4438,1556%,$12531,$6829.8,-33,4577,-33,
325,Fifth Third Bancorp,$9790,22.8%,$2512,14.5%,$169369,$10560.3,59,19869,59,
326,Hertz Global Holdings,$9779,2.9%,$-58,-,$24627,$878,5,38000,5,
327,Altice USA,$9760.9,2%,$138.9,637.7%,$34108.1,$14109.5,-,10700,-,
328,Newmont,$9740,34.3%,$2805,722.6%,$39974,$36576.6,91,16600,91,
329,Cheniere Energy,$9730,21.8%,$648,37.6%,$35492,$8511.8,54,1530,54,
330,Advance Auto Parts,$9709,1.3%,$486.9,14.9%,$11248.5,$6461.3,-4,53000,-4,
331,Lam Research,$9653.6,-12.9%,$2191.4,-7.9%,$12001.3,$34931.6,-44,10700,-44,
332,Owens & Minor,$9650,-1.9%,$-62.4,-,$3643.1,$576.9,-15,15400,-15,
333,Equitable Holdings,$9591,-20.6%,$-1733,-195.2%,$249870,$6706.9,-,10100,-,
334,Conagra Brands,$9538.4,20.2%,$678.3,-16.1%,$22213.8,$14290.8,52,18000,52,
335,Markel,$9526.2,39.2%,$1790.5,-,$37473.8,$12787.1,106,18600,106,
336,Edward Jones (Jones Financial Companies),$9526,10.8%,$1092,10.3%,$19317,-,20,49000,20,
337,Hormel Foods,$9497.3,-0.5%,$978.8,-3.3%,$8109,$25081.9,-9,18800,-9,
338,Hilton Worldwide Holdings,$9452,6.1%,$881,15.3%,$14957,$18933,7,173000,7,
339,Univar Solutions,$9443.8,9.4%,$-100.2,-158.2%,$6494.8,$1810.4,14,10300,14,
340,United Rentals,$9351,16.2%,$1174,7.1%,$18970,$7622.6,39,19100,39,
341,Pioneer Natural Resources,$9304,-1.2%,$756,-22.7%,$19067,$11624.9,-8,2323,-8,
342,Delek US Holdings,$9298.2,-9.4%,$310.6,-8.7%,$7016.3,$1190.1,-35,3707,-35,
343,Eastman Chemical,$9273,-8.6%,$759,-29.7%,$16008,$6330,-30,14500,-30,
344,EMCOR Group,$9174.6,12.8%,$325.1,14.7%,$4830.4,$3449.8,31,36000,31,
345,Avis Budget Group,$9172,0.5%,$302,83%,$23126,$966.6,-7,25600,-7,
346,J.B. Hunt Transport Services,$9165.3,6.4%,$516.3,5.5%,$5470.9,$9800.3,8,29056,8,
347,Xerox Holdings,$9145,-7%,$1353,274.8%,$15047,$4030.2,-29,27000,-29,
348,Wayfair,$9127.1,34.6%,$-984.6,-,$2953,$5042.7,98,16985,98,
349,KKR,$9120.3,74.6%,$2005,77.3%,$60899.3,$19912.6,177,1384,-,
350,AGCO,$9041.4,-3.3%,$125.2,-56.1%,$7759.7,$3546.3,-15,20961,-15,
351,Alleghany,$9040.7,31.3%,$857.8,2069.5%,$26931.6,$7923.5,86,10786,86,
352,Icahn Enterprises,$8992,-52.6%,$-1098,-172.9%,$24639,$10365.7,-186,28033,-186,
353,Voya Financial,$8942,0.1%,$-351,-140.1%,$169051,$5366.2,-10,6000,-10,
354,Ryder System,$8925.8,6.1%,$-24.4,-108.9%,$14475.3,$1380.7,9,39900,9,
355,Air Products & Chemicals,$8918.9,-0.1%,$1760,17.5%,$18942.8,$44049.6,-11,17570,-11,
356,Mosaic,$8906.3,-7.1%,$-1067.4,-327.1%,$19298.5,$4098.2,-31,12600,-31,
357,Huntington Ingalls Industries,$8899,8.8%,$549,-34.3%,$7031,$7420.3,14,42000,14,
358,Berry Global Group,$8878,12.8%,$404,-18.5%,$16469,$4463,31,48000,31,
359,Anixter International,$8845.6,5.3%,$262.9,68.2%,$4808.9,$2972.7,5,9400,5,
360,Alaska Air Group,$8781,6.3%,$769,76%,$12993,$3490,8,24134,8,
361,Yum China Holdings,$8776,4.3%,$713,0.7%,$6950,$16033.2,1,450000,1,
362,Dick's Sporting Goods,$8750.7,3.7%,$297.5,-7%,$6628.6,$1848.3,-3,28450,-3,
363,Caesars Holdings,$8742,4.2%,$-1195,-494.4%,$25345,$4612.1,2,64000,2,
364,Genworth Financial,$8681,3%,$343,188.2%,$101342,$1675.8,-4,3100,-4,
365,Targa Resources,$8671.1,-17.3%,$-209.2,-13175%,$18815.1,$1610.8,-63,2680,-63,
366,Coty,$8648.5,-8%,$-3784.2,-,$17665.4,$3924.4,-32,19000,-32,
367,Dana,$8620,5.9%,$226,-47.1%,$7220,$1128.2,6,36300,6,
368,Thrivent Financial for Lutherans,$8611.7,-0.3%,$968.1,-21.5%,$102478.3,-,-17,3235,-17,
369,Autoliv,$8547.6,-12.8%,$461.5,142.4%,$6771.2,$4017.4,-48,61957,-48,
370,SpartanNash,$8536.1,5.8%,$5.7,-82.9%,$2275.6,$520.5,7,13800,7,
371,Eversource Energy,$8526.5,0.9%,$909.1,-12%,$41123.9,$25835.3,-13,8234,-13,
372,Darden Restaurants,$8510.4,5.3%,$713.4,19.7%,$5892.8,$6580,4,184514,4,
373,Chesapeake Energy,$8489,-17%,$-308,-135.3%,$16193,$337.7,-64,2300,-64,
374,National Oilwell Varco,$8479,0.3%,$-6095,-,$13149,$3793.9,-17,34645,-17,
375,Fidelity National Financial,$8469,11.5%,$1062,69.1%,$10677,$6854.3,27,23484,27,
376,Erie Insurance Group,$8443.3,5.1%,$551,-19.7%,$23346.7,-,5,5778,5,
377,Oshkosh,$8382,8.8%,$579.4,22.8%,$5566.3,$4394.4,18,15400,18,
378,Casey's General Stores,$8364.9,11.9%,$203.9,-35.9%,$3731.4,$4874.8,30,26866,30,
379,WESCO International,$8358.9,2.2%,$223.4,-1.7%,$5017.6,$956.8,-9,9500,-9,
380,Tractor Supply,$8351.9,5.6%,$562.4,5.6%,$5289.3,$9809.9,8,24000,8,
381,CommScope Holding,$8345.1,82.7%,$-929.5,-762.9%,$14431.6,$1779,188,30000,-,
382,Huntsman,$8342,-27.6%,$562,66.8%,$8320,$3217.2,-106,10000,-106,
383,American Financial Group,$8237,15.2%,$897,69.2%,$70130,$6331,44,7700,44,
384,Masco,$8235,-1.5%,$935,27.4%,$5027,$9118,-18,22000,-18,
385,Sanmina,$8233.9,15.8%,$141.5,-,$3905.5,$1927.2,44,38500,44,
386,Amphenol,$8225.4,0.3%,$1155,-4.1%,$10815.5,$21725.6,-17,74000,-17,
387,Williams,$8201,-5.6%,$850,-,$46040,$17165.7,-39,4812,-39,
388,Westinghouse Air Brake,$8200,87.9%,$326.7,10.8%,$18944.2,$9227.1,201,27500,-,
389,Expeditors Intl. of Washington,$8175.4,0.5%,$590.4,-4.5%,$3691.9,$11208.2,-15,18000,-15,
390,Andersons,$8170.2,168.3%,$18.3,-55.9%,$3900.7,$628.7,364,2284,-,
391,Westlake Chemical,$8118,-6%,$421,-57.7%,$13261,$4900.8,-39,9430,-39,
392,Constellation Brands,$8116,7%,$3435.9,48.2%,$29231.5,$27601.3,11,9800,11,
393,Frontier Communications,$8107,-5.9%,$-5911,-,$17488,$39.9,-38,18317,-38,
394,JetBlue Airways,$8094,5.7%,$569,202.7%,$11918,$2525.7,5,19032,5,
395,Citizens Financial Group,$8066,9.7%,$1791,4.1%,$165733,$8040,20,17997,20,
396,Raymond James Financial,$8023,7.3%,$1034,20.7%,$38830,$8802.7,11,14200,11,
397,Foot Locker,$8005,0.8%,$491,-9.2%,$6589,$2297.4,-12,33294,-12,
398,Hershey,$7986.3,2.5%,$1149.7,-2.4%,$8140.4,$27791.8,-7,15330,-7,
399,Zimmer Biomet Holdings,$7982.2,0.6%,$1131.6,-,$24638.7,$20891.4,-12,19900,-12,
400,Cincinnati Financial,$7924.2,46.5%,$1997.4,595.6%,$25407.9,$12241.5,115,5200,-,
401,Western & Southern Financial Group,$7920.5,9.9%,$244.9,-50.5%,$54702.7,-,20,2787,20,
402,W.R. Berkley,$7902.2,2.7%,$681.9,6.4%,$26643.4,$9569.1,-5,7493,-5,
403,Motorola Solutions,$7887,7.4%,$868,-10.1%,$10642,$22802.9,13,17000,13,
404,Thor Industries,$7864.8,-5.6%,$133.3,-69%,$5660.4,$2328.3,-37,21750,-37,
405,Regeneron Pharmaceuticals,$7863.4,17.2%,$2115.8,-13.4%,$14805.2,$53721.6,45,8100,45,
406,Spirit AeroSystems Holdings,$7863.1,8.9%,$530.1,-14.1%,$7606,$2506.5,14,18200,14,
407,J.M. Smucker,$7838,6.5%,$514.4,-61.6%,$16711.3,$12658.2,7,7400,7,
408,PPL,$7769,-0.2%,$1746,-4.4%,$45680,$18949.6,-16,12280,-16,
409,Insight Enterprises,$7731.2,9.2%,$159.4,-2.6%,$4178.2,$1485.7,21,11261,21,
410,Quest Diagnostics,$7726,2.6%,$858,16.6%,$12843,$10716.4,-6,47000,-6,
411,KeyCorp,$7694,4.1%,$1717,-8%,$144988,$10057.8,2,17045,2,
412,Veritiv,$7659.4,-11.9%,$-29.5,-,$2511.1,$126.9,-65,8000,-65,
413,DCP Midstream,$7625,-22.4%,$17,-94.3%,$14127,$847.9,-93,2250,-93,
414,American Tower,$7580.3,1.9%,$1887.8,52.7%,$42801.6,$96444,-4,5454,-4,
415,Graybar Electric,$7523.9,4.5%,$144.5,0.8%,$2517.7,-,8,9000,8,
416,WEC Energy Group,$7523.1,-2%,$1134,7.1%,$34951.8,$27799.2,-18,7509,-18,
417,NVR,$7428.4,3.3%,$878.5,10.2%,$3809.8,$9475,7,5700,7,
418,Ulta Beauty,$7398.1,10.1%,$705.9,7.2%,$4863.9,$9893.6,31,31000,31,
419,Devon Energy,$7372,-31.3%,$-355,-111.6%,$13717,$2645.8,-122,1800,-122,
420,Blackstone Group,$7338.3,7.4%,$2049.7,32.9%,$32585.5,$30696.4,22,2905,22,
421,Dean Foods,$7328.7,-5.5%,$-499.9,-,$2228.6,$9.7,-28,14500,-28,
422,Fortive,$7326.1,1.7%,$738.9,-74.6%,$17439,$18566.8,-,25000,-,
423,UGI,$7320.4,-4.3%,$256.2,-64.4%,$13346.6,$5562,-23,12800,-23,
424,Burlington Stores,$7286.4,9.3%,$465.1,12.1%,$5593.9,$10441.3,27,47000,27,
425,Builders FirstSource,$7280.4,-5.8%,$221.8,8.1%,$3249.5,$1420.3,-31,15800,-31,
426,Toll Brothers,$7224,1.1%,$590,-21.1%,$10828.1,$2439.6,2,5100,2,
427,Old Republic International,$7213.7,19.8%,$1056.4,185.1%,$21076.3,$4634.9,54,9000,54,
428,Asbury Automotive Group,$7210.3,4.9%,$184.4,9.8%,$2911.3,$1064.8,11,8500,11,
429,Arthur J. Gallagher,$7195,3.8%,$668.8,5.6%,$19634.8,$15454.9,6,33247,6,
430,MasTec,$7183.2,4%,$392.3,51.1%,$4997,$2506.6,6,21000,6,
431,Owens Corning,$7160,1.5%,$405,-25.7%,$10006,$4200.9,-,19000,-,
432,Magellan Health,$7159.4,-2.1%,$55.9,131.2%,$3092.2,$1188.2,-15,10100,-15,
433,Dover,$7136.4,-3.5%,$677.9,18.9%,$8669.5,$12094.4,-21,24000,-21,
434,Beacon Roofing Supply,$7105.2,10.7%,$-10.6,-110.8%,$6392.8,$1138,30,8147,30,
435,Avery Dennison,$7070.1,-1.2%,$303.6,-35%,$5488.8,$8485.4,-10,30000,-10,
436,Hanesbrands,$6966.9,2.4%,$600.7,11.3%,$7354,$2816.5,8,63000,8,
437,Packaging Corp. of America,$6964.3,-0.7%,$696.4,-5.6%,$7235.8,$8235.8,-5,15500,-5,
438,M&T Bank,$6941.3,7.5%,$1929.1,0.6%,$119872.8,$13440.8,24,17386,24,
439,NCR,$6915,8%,$564,-,$8987,$2287,26,36000,26,
440,Northern Trust,$6895.1,3.5%,$1492.2,-4.1%,$136828.4,$15791.3,13,19800,13,
441,Cintas,$6892.3,6.2%,$885,5%,$7436.7,$18023.6,18,45000,18,
442,Polaris,$6863.4,11.3%,$324,-3.4%,$4430.5,$2959,34,14000,34,
443,CMS Energy,$6845,-0.4%,$680,3.5%,$26837,$16697.2,-3,8459,-3,
444,Seaboard,$6840,3.9%,$283,-,$6285,$3273.8,11,13100,11,
445,Intuit,$6784,13.7%,$1557,28.6%,$6283,$59912.6,37,9400,37,
446,Regions Financial,$6755,-0.1%,$1582,-10.1%,$126240,$8587.8,1,19564,1,
447,FM Global,$6743.1,24.2%,$2479.3,1436.1%,$25053.8,-,65,5591,-,
448,Advanced Micro Devices,$6731,4%,$341,1.2%,$6028,$53250.4,12,11400,12,
449,Ovintiv,$6726,13.3%,$234,-78.1%,$21487,$701.5,-,2571,-,
450,Booz Allen Hamilton Holding,$6704,8.6%,$418.5,37.2%,$3831.8,$9624.3,25,26100,25,
451,S&P Global,$6699,7%,$2123,8.4%,$11348,$59042.2,19,22500,19,
452,Rockwell Automation,$6694.8,0.4%,$695.8,29.9%,$6113,$17533.3,-,23000,-,
453,O-I Glass,$6691,-2.7%,$-400,-255.6%,$9610,$1108.5,-15,27500,-15,
454,Wynn Resorts,$6611.1,-1.6%,$123,-78.5%,$13871.3,$6471.4,-6,30200,-6,
455,Securian Financial Group,$6600.6,20.1%,$434.8,34.9%,$63138.3,-,51,6400,-,
456,Alliance Data Systems,$6580.9,-15.5%,$278,-71.1%,$26494.8,$1602.7,-66,8500,-66,
457,Weyerhaeuser,$6554,-12.3%,$-76,-110.2%,$16406,$12636.5,-51,9400,-51,
457,Brighthouse Financial,$6554,-26.9%,$-740,-185.5%,$227259,$2540.2,-115,1330,-115,
459,Intercontinental Exchange,$6547,4.3%,$1933,-2.8%,$94493,$44342.9,10,5989,10,
460,American Axle & Manufacturing,$6530.9,-10.2%,$-484.5,-,$6644.6,$408.1,-42,20000,-42,
461,Hess,$6510,0.7%,$-408,-,$21782,$10163.6,-,1775,-,
462,ABM Industries,$6498.6,0.9%,$127.4,30.3%,$3692.6,$1623.1,1,140000,1,
463,Activision Blizzard,$6489,-13.5%,$1503,-17.1%,$19845,$45753.3,-58,9200,-58,
464,GameStop,$6466,-26.9%,$-470.9,-,$2819.7,$225.6,-118,30000,-118,
465,Apache,$6411,-13.6%,$-3553,-8982.5%,$18107,$1577.2,-54,3163,-54,
466,Science Applications International,$6379,36.9%,$226,65%,$4711,$4316.9,94,24311,-,
467,AK Steel Holding,$6359.4,-6.7%,$11.2,-94%,$4590.6,-,-24,9300,-24,
468,Dillard's,$6343.2,-2.5%,$111.1,-34.8%,$3430.3,$863.8,-10,30400,-10,
469,Ralph Lauren,$6313,2.1%,$430.9,164.7%,$5942.8,$4928.3,4,18650,4,
470,Celanese,$6297,-12%,$852,-29.4%,$9476,$8775,-44,7714,-44,
471,R.R. Donnelley & Sons,$6276.2,-7.7%,$-93.2,-,$3330.1,$68,-26,36400,-26,
472,Zoetis,$6260,7.5%,$1500,5%,$11545,$55895,15,10600,15,
473,Ascena Retail Group,$6242.8,-5.1%,$-661.4,-,$2699.8,$13.9,-16,33000,-16,
474,Clorox,$6214,1.5%,$820,-0.4%,$5116,$21673.5,3,8800,3,
475,Ingredion,$6209,6.3%,$413,-6.8%,$6040,$5049.6,11,11000,11,
476,First American Financial,$6202.1,7.9%,$707.4,49.1%,$11519.2,$4790.6,15,18412,15,
477,Graphic Packaging Holding,$6160.1,2.3%,$206.8,-6.5%,$7289.9,$3542,3,18000,3,
478,NetApp,$6146,4%,$1169,1438.2%,$8741,$9220.9,5,10500,5,
478,HD Supply Holdings,$6146,1.6%,$452,14.7%,$4715,$4605.3,1,11500,1,
480,TravelCenters of America,$6117.4,-12.3%,$33.3,-,$3230.9,$81.2,-47,18594,-47,
481,Olin,$6110,-12%,$-11.3,-103.4%,$9187.8,$1841.8,-47,6500,-47,
482,Robert Half International,$6074.4,4.7%,$454.4,4.6%,$2311.4,$4345.8,8,16000,8,
483,EnLink Midstream,$6052.9,-21.4%,$-1119.3,-,$9335.8,$537.3,-87,1355,-87,
484,Avantor,$6040.3,3%,$37.8,-,$9773.3,$7155.6,-,12000,-,
485,Tapestry,$6027.1,2.5%,$643.4,61.9%,$6877.3,$3574.6,-1,17400,-1,
486,TD Ameritrade Holding,$6016,10.3%,$2208,49.9%,$43786,$18738.8,23,9226,-,
487,Analog Devices,$5991.1,-3.4%,$1363,-8.9%,$21392.6,$33010.9,-15,16400,-15,
488,Ameren,$5910,-6.1%,$828,1.6%,$28933,$17969.9,-20,9323,-20,
489,Williams-Sonoma,$5898,4%,$356.1,6.7%,$4054,$3282.4,6,19300,6,
490,Realogy Holdings,$5870,-3.4%,$-188,-237.2%,$7543,$346.9,-12,10150,-12,
491,Commercial Metals,$5829,17.8%,$198.1,43%,$3758.8,$1880,54,11524,-,
492,Rush Enterprises,$5809.8,5.5%,$141.6,1.8%,$3407.3,$1145.6,12,7244,-,
493,Franklin Resources,$5774.5,-8.6%,$1195.7,56.4%,$14532.2,$8293.2,-26,9597,-26,
494,Fortune Brands Home & Security,$5764.6,5.1%,$431.9,10.9%,$6291.3,$6042.3,14,24700,-,
495,Levi Strauss,$5763.1,3.4%,$394.6,39.4%,$4232.4,$4961.2,5,15800,5,
496,Crown Castle International,$5763,7.3%,$860,38.3%,$38457,$60178.6,17,5100,-,
497,Simon Property Group,$5755.2,1.7%,$2101.6,-13.9%,$31231.6,$16834.8,-1,3750,-1,
498,Cerner,$5692.6,6.1%,$529.5,-16%,$6894.6,$19164.4,22,27400,-,
499,Post Holdings,$5681.1,-9.2%,$124.7,-73.3%,$11951.6,$5732,-28,10100,-28,
500,Huntington Bancshares,$5655,7.3%,$1411,1.3%,$109002,$8398.6,24,15664,-,
501,KBR,$5639,14.8%,$202,-28.1%,$5364,$2942.6,47,28000,-,
502,Sprouts Farmers Market,$5634.8,8.2%,$149.6,-5.6%,$2723,$2185.1,25,30000,-,
503,LPL Financial Holdings,$5624.9,8.4%,$559.9,27.4%,$5880.2,$4305.4,28,4343,-,
504,T. Rowe Price,$5617.9,4.6%,$2131.3,16%,$9330.4,$22788.1,15,7365,-,
505,Yum Brands,$5597,-1.6%,$1294,-16.1%,$5231,$20615.4,-11,34000,-,
506,Chipotle Mexican Grill,$5586.4,14.8%,$350.2,98.3%,$5104.6,$18171.4,45,83000,-,
507,Patterson,$5574.5,2%,$83.6,-58.4%,$3269.3,$1464.9,3,7800,-,
508,RPM International,$5564.6,4.6%,$266.6,-21.1%,$5441.4,$7721.1,14,14957,-,
509,Equinix,$5562.1,9.7%,$507.5,38.9%,$23965.6,$53365.7,30,8378,-,
510,Navient,$5529,-1.4%,$597,51.1%,$94903,$1465.5,-13,5800,-,
511,Chemours,$5526,-16.8%,$-52,-105.2%,$7258,$1455.9,-57,7000,-,
512,ON Semiconductor,$5517.9,-6.1%,$211.7,-66.3%,$8425.5,$5113.7,-27,34800,-,
513,TransDigm Group,$5517.2,44.3%,$889.8,-7%,$16254.7,$17190.3,137,18300,-,
514,Host Hotels & Resorts,$5469,-1%,$920,-15.4%,$12305,$7792.9,-12,175,-,
515,Select Medical Holdings,$5453.9,7.3%,$148.4,7.7%,$7340.3,$2014.7,23,42800,-,
516,Par Pacific Holdings,$5401.5,58.4%,$40.8,3.5%,$2700.6,$380.6,181,1408,-,
517,Sonoco Products,$5374.2,-0.3%,$291.8,-6.9%,$5126.3,$4650.7,1,23000,-,
518,Roper Technologies,$5366.8,3.4%,$1767.9,87.2%,$18108.9,$33086.1,12,16460,-,
519,Harley-Davidson,$5361.8,-6.2%,$423.6,-20.3%,$10528.2,$2892.7,-27,5600,-,
520,Jefferies Financial Group,$5358.7,-34.3%,$964.7,-6%,$49460.2,$3788.1,-148,4800,-,
521,Kelly Services,$5355.6,-2.9%,$112.4,390.8%,$2480.6,$496.4,-18,7700,-,
522,Microchip Technology,$5349.5,34.4%,$355.9,39.4%,$18350,$16240.7,107,18286,-,
523,McCormick,$5347.4,-1.1%,$702.7,-24.7%,$10362.1,$18767.4,-9,12400,-,
524,MDU Resources Group,$5336.9,17.8%,$335.5,23.2%,$7683.1,$4310.2,50,13359,-,
525,Fastenal,$5333.7,7.4%,$790.9,5.2%,$3799.9,$17949.9,19,21948,-,
526,Big Lots,$5323.2,1.6%,$242.5,54.5%,$3189.3,$557,-1,22250,-,
527,Penn National Gaming,$5301.4,47.8%,$43.9,-53.1%,$14194.5,$1478.3,149,28300,-,
528,Western Union,$5292.1,-5.3%,$1058.3,24.2%,$8758.5,$7489.9,-30,11500,-,
529,Under Armour,$5267.1,1.4%,$92.1,-,$4843.5,$3878.1,-,11700,-,
530,Xylem,$5249,0.8%,$401,-27%,$7710,$11737.9,-2,16300,-,
531,Skechers U.S.A.,$5242.5,12.4%,$346.6,15.1%,$4892.9,$3724.9,28,8550,-,
532,Domtar,$5220,-4.3%,$84,-70.3%,$4903,$1217.8,-21,10000,-,
533,NiSource,$5208.9,1.8%,$383.1,-,$22659.8,$9545.1,2,8363,-,
534,Marathon Oil,$5190,-21.1%,$480,-56.2%,$20245,$2618.3,-78,2000,-,
535,National General Holdings,$5179.6,12.4%,$348.1,67.9%,$9756.5,$1881.9,30,9200,-,
536,Telephone & Data Systems,$5176,1.3%,$121,-10.4%,$10781,$1923.7,-,9400,-,
537,Agilent Technologies,$5163,5.1%,$1071,238.9%,$9452,$22177.2,10,16300,-,
538,Ametek,$5158.6,6.5%,$861.3,10.7%,$9844.6,$16506.3,14,18100,-,
539,Evergy,$5147.8,20.4%,$669.9,25%,$25975.9,$12477.6,59,4617,-,
540,International Flavors & Fragrances,$5140.1,29.2%,$455.9,35.2%,$13287.4,$10902.4,90,13668,-,
541,ADT,$5125.7,11.9%,$-424.2,-,$16083.7,$3282.7,25,17500,-,
542,Welltower,$5121.3,9%,$1232.4,53.1%,$33380.8,$18795.2,16,443,-,
543,Windstream Holdings,$5115.4,-10.5%,$-3090,-,$9897.5,$2.2,-50,11945,-,
544,Michaels,$5072,-3.8%,$272.6,-14.7%,$3838.1,$237.9,-21,28000,-,
545,Kemper,$5039.2,35.3%,$531.1,179.4%,$12989.1,$4970.1,115,8900,-,
546,Hyatt Hotels,$5020,12.7%,$766,-0.4%,$8417,$4852.5,34,55000,-,
547,Alexion Pharmaceuticals,$4991.1,20.8%,$2404.3,2998.3%,$17544.6,$19942.4,67,3082,-,
548,Resideo Technologies,$4988,-,$36,-,$5128,$595,-,13000,-,
549,CACI International,$4986.3,11.6%,$265.6,-11.8%,$5086.8,$5293.9,29,22100,-,
550,Electronic Arts,$4950,-3.9%,$1019,-2.3%,$8957,$29016.7,-17,9700,-,
551,Vulcan Materials,$4929.1,12.5%,$617.7,19.7%,$10648.8,$14325.2,37,9173,-,
552,TreeHouse Foods,$4926.9,-15.2%,$-361,-,$5139.4,$2484,-63,10800,-,
553,Global Payments,$4911.9,45.9%,$430.6,-4.7%,$44480.2,$43287.5,150,24000,-,
554,Hanover Insurance Group,$4897.4,-9.4%,$425.1,8.7%,$12490.5,$3457.4,-38,4300,-,
555,Camping World Holdings,$4892,2.1%,$-60.6,-682.7%,$3376.2,$502.1,-2,11508,-,
556,Cornerstone Building Brands,$4889.7,144.4%,$-15.4,-124.4%,$5564.3,$574.9,431,20100,-,
557,YRC Worldwide,$4871.2,-4.3%,$-104,-614.9%,$1831.6,$60.6,-20,29000,-,
558,CME Group,$4868,13%,$2116.5,7.9%,$75215.3,$61984.7,36,4360,-,
559,Chewy,$4846.7,37.2%,$-252.4,-,$932.3,$14943.5,-,12000,-,
560,Knight-Swift Transportation Holdings,$4844,-9.4%,$309.2,-26.3%,$8281.7,$5568.6,-39,23700,-,
561,Moody's,$4829,8.7%,$1422,8.6%,$10265,$39594.4,21,11081,-,
562,Coca-Cola Consolidated,$4826.5,4.3%,$11.4,-,$3126.9,$1954.7,1,15850,-,
563,Carlisle,$4811.6,5.8%,$472.8,-22.6%,$5496,$6976.9,7,14000,-,
564,Sealed Air,$4791.1,1.2%,$263,36.2%,$5765.2,$3821.9,-9,16500,-,
565,A-Mark Precious Metals,$4783.2,-37.1%,$2.2,-,$705.4,$86.3,-164,183,-,
566,Watsco,$4770.4,4.9%,$246,1.2%,$2556.2,$6049.8,6,5800,-,
567,Taylor Morrison Home,$4762.1,12.6%,$254.7,23.4%,$5245.7,$1478.9,37,2300,-,
568,IAC/InterActiveCorp,$4757.1,11.6%,$431.1,-31.2%,$8332.8,$15191.5,32,8700,-,
569,Leggett & Platt,$4752.5,11.3%,$333.8,9.1%,$4816.4,$3528.4,30,22000,-,
570,OneMain Holdings,$4749,12.2%,$855,91.3%,$22817,$2604,33,9700,-,
571,Schneider National,$4747,-4.6%,$147,-45.3%,$3660.1,$3425.5,-29,15650,-,
572,Martin Marietta Materials,$4739.1,11.7%,$611.9,30.2%,$10131.6,$11769.9,29,8846,-,
573,NortonLifeLock,$4731,-3.2%,$31,-97.3%,$15938,$11233.2,-23,11900,-,
574,Hasbro,$4720.2,3.1%,$520.5,136.1%,$8855.6,$9793.5,-7,5600,-,
575,Square,$4713.5,42.9%,$375.4,-,$4551.3,$22797.6,140,3835,-,
576,Terex,$4680.3,-8.7%,$54.4,-52.2%,$3195.6,$1015.3,-42,9500,-,
577,Syneos Health,$4675.8,6.5%,$131.3,440.5%,$7453.8,$4109.4,10,24000,-,
578,FMC,$4661.9,-1.5%,$477.4,-4.9%,$9872.7,$10574,-22,6400,-,
579,Boise Cascade,$4643.4,-7%,$80.9,295.2%,$1693.4,$932.1,-39,6010,-,
580,SS&C Technologies Holdings,$4632.9,35.4%,$438.5,324.9%,$16741.1,$11203.5,115,22800,-,
581,Continental Resources,$4631.9,-1.6%,$775.6,-21.5%,$15727.9,$2789.4,-24,1260,-,
582,Peabody Energy,$4623.4,-17.2%,$-211.3,-132.7%,$6542.8,$281.6,-83,6600,-,
583,Encompass Health,$4605,7.7%,$358.7,22.7%,$6080.7,$6302.7,13,35690,-,
584,Greif,$4595,18.6%,$171,-18.3%,$5426.7,$1698.1,55,17000,-,
585,Concho Resources,$4592,10.6%,$-705,-130.8%,$24732,$8428.9,26,1453,-,
586,Hubbell,$4591,2.4%,$400.9,11.3%,$4903,$6239.4,-9,18800,-,
587,CF Industries Holdings,$4590,3.6%,$493.1,70.1%,$12171.9,$5879.9,-3,2987,-,
588,KLA,$4568.9,13.2%,$1175.6,46.5%,$9008.5,$22534.4,35,10020,-,
589,Genesis Healthcare,$4565.8,-8.3%,$14.6,-,$4662.1,$138.9,-46,55000,-,
590,Brunswick,$4556.7,-11.7%,$-131,-149.4%,$3564.4,$2806.8,-58,12828,-,
591,KB Home,$4552.7,0.1%,$268.8,57.8%,$5015.5,$1630.8,-20,2140,-,
592,Globe Life,$4527.5,5.2%,$760.8,8.5%,$25977.5,$7729.4,3,3196,-,
593,Mattel,$4504.6,-0.2%,$-213.5,-,$5325.2,$3055.9,-18,24000,-,
594,Ryerson Holding,$4501.6,2.1%,$82.4,-22.3%,$2021.5,$199.3,-8,4500,-,
595,Silgan Holdings,$4489.9,0.9%,$193.8,-13.5%,$4931.1,$3214.8,-14,13220,-,
596,Zebra Technologies,$4485,6.3%,$544,29.2%,$4711,$9916,11,8200,-,
597,Intuitive Surgical,$4478.5,20.3%,$1379.3,22.3%,$9733.2,$57432,64,7326,-,
598,Warner Music Group,$4475,11.7%,$256,-16.6%,$6017,-,29,5400,-,
599,Conduent,$4467,-17.2%,$-1934,-,$4514,$519.1,-82,67000,-,
600,Tutor Perini,$4450.8,-0.1%,$-387.7,-564.7%,$4485.8,$339.2,-21,9100,-,
601,Juniper Networks,$4445.4,-4.3%,$345,-39.1%,$8837.7,$6326.3,-39,9419,-,
602,Noble Energy,$4438,-11%,$-1512,-,$20647,$2929.6,-61,2282,-,
603,Vertiv Holdings,$4431.2,3.4%,$-140.8,-,$4657.4,$2840.8,-,19800,-,
604,Tiffany,$4424,-0.4%,$541.1,-7.7%,$6660.1,$15694.3,-21,14100,-,
605,EQT,$4416.5,-10.7%,$-1221.7,-,$18809.2,$1806.1,-59,647,-,
606,UFP Industries,$4416,-1.6%,$179.7,20.9%,$1889.5,$2296.8,-30,12000,-,
607,Diebold Nixdorf,$4408.7,-3.7%,$-341.3,-,$3790.6,$272.8,-39,22000,-,
608,Antero Resources,$4408.7,6.5%,$-340.1,-,$15197.6,$204.4,5,547,-,
609,Meritor,$4388,5%,$291,148.7%,$2815,$979.3,-,9100,-,
610,Broadridge Financial Solutions,$4362.2,0.7%,$482.1,12.7%,$3880.7,$10886.7,-19,11000,-,
611,Church & Dwight,$4357.7,5.1%,$615.9,8.3%,$6657.4,$15773.9,1,4800,-,
612,Marriott Vacations Worldwide,$4355,46.7%,$138,150.9%,$9214,$2280.3,159,22000,-,
613,Edwards Lifesciences,$4348,15.2%,$1046.9,45%,$6488.1,$39105.8,40,13900,-,
614,Colfax,$4326.3,18%,$-527.6,-476.4%,$7386.8,$2339.3,52,15000,-,
615,Insperity,$4314.8,12.7%,$151.1,11.6%,$1395,$1468.9,33,3500,-,
616,American Eagle Outfitters,$4308.2,6.8%,$191.3,-27%,$3328.7,$1329.3,8,27000,-,
617,Keysight Technologies,$4303,11%,$621,276.4%,$6623,$15681.2,21,13600,-,
618,JELD-WEN Holding,$4289.8,-1.3%,$63,-55.6%,$3381.3,$980.3,-28,23300,-,
619,Iron Mountain,$4262.6,0.9%,$267.4,-26.4%,$13816.8,$6838.8,-14,25000,-,
620,Nasdaq,$4262,-0.4%,$774,69%,$13924,$15604.8,-23,4361,-,
621,Gartner,$4245.3,6.8%,$233.3,90.5%,$7151.3,$8871.8,10,16724,-,
622,Sinclair Broadcast Group,$4240,38.8%,$47,-86.2%,$17370,$1472.5,129,11800,-,
623,Ingles Markets,$4202,2.7%,$81.6,-16.2%,$1867.3,$732.6,-6,18630,-,
624,Monster Beverage,$4200.8,10.3%,$1107.8,11.6%,$5150.4,$30205.8,27,3092,-,
625,Murphy Oil,$4194,63.2%,$1149.7,179.7%,$11718.5,$941.4,218,822,-,
626,Vertex Pharmaceuticals,$4162.8,36.6%,$1176.8,-43.9%,$8318.5,$61693,126,3000,-,
627,First Republic Bank,$4156.7,16.3%,$930.3,9%,$116263.6,$14093.5,52,4812,-,
628,Bloomin' Brands,$4139.4,0.3%,$130.6,21.9%,$3592.7,$621.4,-13,94000,-,
629,Spectrum Brands Holdings,$4138.8,-24.8%,$471.9,-38.6%,$5230.5,$1669.2,-124,13000,-,
630,Quad/Graphics,$4137.2,-1.3%,$-156.3,-1938.8%,$2417.1,$136,-22,19600,-,
631,Flowers Foods,$4124,4.4%,$164.5,4.7%,$3177.8,$4341.3,2,9700,-,
632,CUNA Mutual Group,$4122.7,11.5%,$219.6,2.2%,$24609.6,-,30,3600,-,
633,Allegheny Technologies,$4122.5,1.9%,$257.6,15.8%,$5634.6,$1076.3,-12,8100,-,
634,Old Dominion Freight Line,$4109.1,1.6%,$615.5,1.6%,$3995.6,$15691.6,-12,20105,-,
635,Landstar System,$4089.6,-11.5%,$227.7,-10.8%,$1427.7,$3784.9,-71,1333,-,
636,American National Group,$4070.1,22.4%,$620.4,290.2%,$28597.6,$2215,74,4640,-,
637,Snap-on,$4067.7,-0.1%,$693.5,2%,$5693.5,$5951.1,-18,12800,-,
638,Brookdale Senior Living,$4057.1,-10.5%,$-267.9,-,$7194.4,$574.9,-65,48400,-,
639,Amkor Technology,$4052.7,-6.1%,$120.9,-4.9%,$4695.6,$1877.8,-47,29650,-,
640,Wyndham Destinations,$4043,-13.1%,$507,-24.6%,$7453,$1894.5,-79,22500,-,
641,PPD,$4031,7.5%,$47.8,-54.1%,$5556.2,$6208.2,-,23000,-,
642,Dentsply Sirona,$4029.2,1.1%,$262.9,-,$8602.9,$8598.5,-14,15200,-,
643,CNO Financial Group,$4015.8,-6.9%,$409.4,-,$33630.9,$1795.1,-50,3300,-,
644,Urban Outfitters,$3983.8,0.8%,$168.1,-43.6%,$3315.6,$1392.3,-10,16800,-,
645,Sabre,$3975,2.8%,$158.6,-53%,$5690,$1623.4,-4,9250,-,
646,Mercury General,$3972.5,17.5%,$320.1,-,$5889.2,$2254.2,55,4500,-,
647,Diamondback Energy,$3964,82.1%,$240,-71.6%,$23531,$4147.1,288,712,-,
648,Parsons,$3954.8,11.1%,$120.5,-45.8%,$3450.4,$3217.4,-,15879,-,
649,Aaron's,$3947.7,3.1%,$31.5,-84%,$3297.8,$1520.4,-2,12100,-,
650,Flowserve,$3944.9,2.9%,$253.7,112%,$4919.6,$3127.2,-5,17000,-,
651,Carvana,$3939.9,101.5%,$-114.7,-,$2057.7,$8480,349,7324,-,
652,ASGN,$3923.9,15.4%,$174.7,10.8%,$2941.4,$1872,46,4300,-,
653,Sally Beauty Holdings,$3876.4,-1.4%,$271.6,5.3%,$2098.4,$943.6,-18,30050,-,
654,ScanSource,$3873.1,0.7%,$57.6,73.7%,$2067.3,$542.1,-11,2700,-,
655,Ventas,$3872.8,3.4%,$433,5.8%,$24692.2,$9992.7,2,516,-,
656,Country Financial,$3868.1,6.6%,$167.3,-22.3%,$15724.8,-,15,3839,-,
657,TriNet Group,$3856,10.1%,$212,10.4%,$2748,$2589.1,27,2900,-,
658,Spirit Airlines,$3830.5,15.3%,$335.3,115.3%,$7043.4,$882.4,53,8938,-,
659,Comerica,$3817,6.2%,$1198,-3%,$73402,$4117.7,15,7708,-,
660,Lennox International,$3807.2,-2%,$408.7,13.8%,$2034.9,$7016.9,-23,11200,-,
661,Timken,$3789.9,5.8%,$362.1,19.6%,$4859.9,$2451.8,17,18829,-,
662,Paychex,$3772.5,11.6%,$1034.4,10.8%,$8676,$22570.4,38,15450,-,
663,Amerco,$3768.7,4.7%,$370.9,-53.1%,$11891.7,$5697,10,21900,-,
664,Worthington Industries,$3759.6,5%,$153.5,-21.2%,$2510.8,$1433.2,13,12000,-,
665,Lamb Weston Holdings,$3756.5,9.7%,$478.6,14.8%,$3048.1,$8341.9,29,7600,-,
666,Laureate Education,$3752.1,-11.1%,$938.5,153.6%,$6515.6,$2203.3,-60,41000,-,
667,Penn Mutual Life Insurance,$3705.1,14.7%,$396,18.8%,$36678.6,-,56,3318,-,
668,iHeartMedia,$3683.5,-41.8%,-,-,$11021.1,$1073.8,-202,11400,-,
669,Brink's,$3683.2,5.6%,$29,-,$3763.8,$2625.2,18,64300,-,
670,Sentry Insurance Group,$3680.8,5.2%,$324.3,29.4%,$19752.6,-,15,4217,-,
671,Acuity Brands,$3672.7,-0.2%,$330.4,-5.5%,$3172.4,$3393.8,-6,12000,-,
672,Hub Group,$3668.1,-17.1%,$107.2,-46.9%,$1991.6,$1557.3,-87,5000,-,
673,Meritage Homes,$3666.9,3.9%,$249.7,9.8%,$3398.2,$1372.7,9,1510,-,
674,MRC Global,$3662,-12.2%,$39,-47.3%,$2325,$349.6,-64,3345,-,
675,Alliant Energy,$3647.7,3.2%,$557.2,8.8%,$16700.7,$11832.5,5,3597,-,
676,Workday,$3627.2,28.5%,$-480.7,-,$6816.4,$30211,121,12200,-,
677,BMC Stock Holdings,$3626.6,-1.5%,$109.8,-8.3%,$1906.1,$1183.3,-13,10200,-,
678,Abercrombie & Fitch,$3623.1,0.9%,$39.4,-47.2%,$3549.7,$559.9,-3,26000,-,
679,Domino's Pizza,$3618.8,5.4%,$400.7,10.7%,$1382.1,$12647.1,13,13100,-,
680,Lyft,$3616,67.7%,$-2602.2,-,$5691.4,$8233.3,261,5683,-,
681,Meredith,$3611.9,43.9%,$46.3,-53.4%,$6136.9,$554.1,172,5615,-,
682,American Water Works,$3610,4.9%,$621,9.5%,$22682,$21642.7,9,6800,-,
683,Albemarle,$3589.4,6.4%,$533.2,-23.1%,$9860.9,$5993.2,19,6000,-,
684,Ciena,$3572.1,15.4%,$253.4,-,$3893.3,$6111,60,6383,-,
685,Barnes & Noble,$3552.7,-3%,$3.8,-,$1705.6,-,-18,15538,-,
686,Weis Markets,$3543.3,1%,$68,8.4%,$1675.6,$1120.6,-3,23000,-,
687,Illumina,$3543,6.3%,$1002,21.3%,$7316,$40148.6,21,7700,-,
688,SVB Financial Group,$3530.9,30.1%,$1136.9,16.7%,$71004.9,$7787.7,126,3564,-,
689,Carter's,$3519.3,1.6%,$263.8,-6.5%,$2753.1,$2887.4,-,20300,-,
690,Stifel Financial,$3515,10%,$448.4,13.8%,$24610.2,$2870.3,39,8205,-,
691,Mednax,$3513.5,-3.7%,$-1497.7,-657.5%,$4145.9,$981,-22,9480,-,
692,Equifax,$3507.6,2.8%,$-398.8,-233%,$7909,$14569.4,4,11200,-,
693,Kar Auction Services,$3505.5,-7%,$188.5,-42.5%,$6581.2,$1546.4,-38,13311,-,
694,Ashland Global Holdings,$3505,-6.4%,$505,343%,$7251,$3016.6,-36,4700,-,
695,Medical Mutual of Ohio,$3502.7,7.4%,$83.7,-46.9%,$2541.8,-,23,2801,-,
696,Sprague Resources,$3502.4,-7.1%,$31.3,-60.8%,$1275.5,$299.1,-42,770,-,
697,Super Micro Computer,$3500.4,4.2%,$71.9,55.8%,$1682.6,$1090.8,-,3670,-,
698,Designer Brands,$3492.7,9.7%,$94.5,-,$2465.1,$357.3,34,16100,-,
699,Pitney Bowes,$3477.7,-6.9%,$194.6,-13%,$5466.9,$349.6,-40,11000,-,
700,Applied Industrial Technologies,$3472.7,13%,$144,1.7%,$2331.7,$1768.4,47,6650,-,
701,Pinnacle West Capital,$3471.2,-6%,$538.3,5.3%,$18479.2,$8521.8,-38,6210,-,
702,American Equity Investment Life Holding,$3464.3,123.9%,$246.1,-46.3%,$69696.6,$1716.3,-,608,-,
703,ServiceNow,$3460.4,32.6%,$626.7,-,$6022.4,$54392.9,134,10371,-,
704,Twitter,$3459.3,13.7%,$1465.7,21.6%,$12703.4,$19213,52,4900,-,
705,Calumet Specialty Products Partners,$3452.6,-1.3%,$-43.6,-,$1857.8,$81.7,-19,1500,-,
706,Steelcase,$3443.2,12.7%,$126,56.1%,$2142.4,$1156.8,44,12700,-,
707,Sanderson Farms,$3440.3,6.3%,$53.3,-13.2%,$1774.1,$2742.4,15,17055,-,
708,WABCO Holdings,$3421.4,-10.7%,$245.8,-37.6%,$4037.1,$6924.1,-62,13911,-,
709,Clean Harbors,$3412.2,3.4%,$97.7,48.9%,$4108.9,$2866.3,5,14400,-,
710,Puget Energy,$3401.1,1.6%,$210.7,-10.6%,$14659.9,-,-5,3130,-,
711,Scientific Games,$3400,1.1%,$-130,-,$7809,$910.5,-7,9800,-,
712,Granite Construction,$3389.8,2.2%,$-105.4,-348.5%,$2633.8,$709.5,-,4200,-,
713,Carlyle Group,$3377,39.1%,$380.9,227%,$13808.8,$7539.2,161,1775,-,
714,Skyworks Solutions,$3376.8,-12.7%,$853.6,-7.1%,$4839.6,$15155.5,-74,9000,-,
715,Aleris,$3375.9,-2%,$-11.8,-,$2712.2,-,-25,5600,-,
716,Triple-S Management,$3375.6,12.7%,$92.9,-,$2818.8,$345,49,3992,-,
717,Hexion,$3374,-11.1%,-,-,$4146,-,-65,4000,-,
718,Hologic,$3367.3,4.6%,$-203.6,-,$6442.1,$9270.9,8,6478,-,
719,Triumph Group,$3364.9,5.2%,$-321.8,-,$2854.6,$350.5,9,10776,-,
720,Darling Ingredients,$3363.9,-0.7%,$312.6,208%,$5345.3,$3144.6,-21,10100,-,
721,MSC Industrial Direct,$3363.8,5%,$288.9,-12.3%,$2311.2,$3044.9,6,6700,-,
722,Red Hat,$3362.1,15.1%,$434,67.7%,$5588.3,-,54,13360,-,
723,Synopsys,$3360.7,7.7%,$532.4,23.1%,$6405.2,$19347.8,17,13896,-,
724,PolyOne,$3351.6,-5.1%,$588.6,268.3%,$3273.3,$1752.3,-43,5600,-,
725,Dycom Industries,$3339.7,6.8%,$57.2,-9%,$2217.6,$810.2,13,15230,-,
726,Cabot,$3337,2.9%,$157,-,$3004,$1480.5,-6,4500,-,
727,Prologis,$3330.6,18.8%,$1573,-4.6%,$40031.9,$59400.6,72,1712,-,
728,Boyd Gaming,$3326.1,26.6%,$157.6,37%,$6650.1,$1609.4,106,24300,-,
729,LSC Communications,$3326,-13.1%,$-295,-,$1649,$3,-80,20000,-,
730,Brown-Forman,$3324,2.3%,$835,16.5%,$5139,$25843.4,-11,4700,-,
731,Stericycle,$3308.9,-5.1%,$-346.8,-,$6437,$4434,-43,19500,-,
732,CIT Group,$3296.1,-0.4%,$529.9,18.5%,$50832.8,$1692,-19,3609,-,
733,MDC Holdings,$3293.3,7.4%,$238.3,13.1%,$3338.4,$1462.8,15,1656,-,
734,Hyster-Yale Materials Handling,$3291.8,3.7%,$35.8,3.2%,$1847.2,$672.8,-1,7900,-,
735,Crane,$3283.1,-1.9%,$133.3,-60.3%,$4423.7,$2911.4,-29,13000,-,
736,Cinemark Holdings,$3283.1,1.9%,$191.4,-10.5%,$5828,$1193.8,-12,22603,-,
737,Autodesk,$3274.3,27.4%,$214.5,-,$6179.3,$34267.3,107,10100,-,
738,Trimble,$3264.3,5%,$514.3,81.9%,$6640.7,$7962.8,5,11484,-,
739,Garrett Motion,$3248,-,$313,-,$2275,$214,-,7400,-,
740,Zions Bancorp.,$3245,7%,$816,-7.7%,$69172,$4389,20,10188,-,
741,Regal Beloit,$3238,-11.2%,$238.9,3.3%,$4430.7,$2559.3,-71,19560,-,
742,Service Corp. International,$3230.8,1.3%,$369.6,-17.4%,$13677.4,$7083.9,-12,20457,-,
743,Varian Medical Systems,$3225.1,10.5%,$291.9,94.7%,$4101.7,$9307.8,34,10062,-,
744,PriceSmart,$3223.9,1.8%,$73.2,-1.5%,$1296.4,$1608.7,-10,9000,-,
745,Brinker International,$3217.9,2.6%,$154.9,23.1%,$1258.3,$449.3,-8,56147,-,
746,Digital Realty Trust,$3209.2,5.3%,$579.8,75%,$23068.1,$36016.5,7,1550,-,
747,Pool,$3199.5,6.7%,$261.6,11.6%,$1483.3,$7921.2,17,4500,-,
748,Crestwood Equity Partners,$3181.9,-12.9%,$285.1,461.2%,$5349.3,$307.6,-80,894,-,
749,Infor,$3171.2,1.7%,$142,-,$6752.7,-,-8,17380,-,
750,Plexus,$3164.4,10.1%,$108.6,732.9%,$2000.9,$1601.6,34,19000,-,
751,Teledyne Technologies,$3163.6,9%,$402.3,20.5%,$4579.8,$10893.1,31,11790,-,
752,G-III Apparel Group,$3160.5,2.7%,$143.8,4.2%,$2565.1,$369.7,-6,6050,-,
753,Scotts Miracle-Gro,$3156,18.5%,$460.7,623.2%,$3028.7,$5693,76,5850,-,
754,Apollo Global Management,$3145.4,223.5%,$843.2,-,$8542.1,$7738.9,-,1421,-,
755,E*Trade Financial,$3145,3.6%,$955,-9.2%,$61416,$7585.5,3,4122,-,
756,Toro,$3138.1,19.8%,$274,0.8%,$2330.5,$6963.3,79,9329,-,
757,Southwest Gas Holdings,$3119.9,8.3%,$213.9,17.4%,$8170,$3834,26,8944,-,
758,GMS,$3116,24.1%,$56,-11.1%,$2149.6,$665.7,94,5858,-,
759,Cooper-Standard Holdings,$3108.4,-14.2%,$67.5,-34.8%,$2635.6,$173,-87,28000,-,
760,Acadia Healthcare,$3107.5,3.2%,$108.9,-,$6879.1,$1629.1,3,35600,-,
761,Tetra Tech,$3107.3,4.8%,$158.7,15.9%,$2147.4,$3861.8,12,20000,-,
762,Primoris Services,$3106.3,5.7%,$82.3,6.3%,$1830.5,$767.2,12,9700,-,
763,Tempur Sealy International,$3106,13.6%,$189.5,88.6%,$3061.8,$2277.2,48,7400,-,
764,H&R Block,$3094.9,-2.1%,$422.5,-31.1%,$3299.9,$2710.1,-29,44600,-,
765,Qorvo,$3090.3,3.9%,$133.1,-,$5808,$9327.7,3,8100,-,
766,TRI Pointe Group,$3083,-5.5%,$207.2,-23.2%,$3858.7,$1177,-49,1386,-,
767,Cracker Barrel Old Country Store,$3072,1.4%,$223.4,-9.8%,$1581.2,$1992.6,-6,73000,-,
768,Elanco Animal Health,$3071,-,$67.9,-,$8985.8,$8923.1,-,6080,-,
769,PRA Health Sciences,$3066.3,6.8%,$243,57.9%,$3544.4,$5278.3,16,17500,-,
770,First Solar,$3063.1,36.5%,$-114.9,-179.6%,$7515.7,$3802.8,150,6600,-,
771,AMC Networks,$3060.3,3%,$380.5,-14.7%,$5596.7,$1350.7,-2,2588,-,
772,Xilinx,$3059,20.5%,$889.8,73.7%,$5151.3,$19394.3,76,4433,-,
773,Green Plains,$3055.4,-20.5%,$-166.9,-1147.9%,$1698.2,$170,-129,820,-,
774,Columbia Sportswear,$3042.5,8.6%,$330.5,23.2%,$2931.6,$4702.7,26,8900,-,
775,Nexstar Media Group,$3039.3,9.9%,$230.3,-40.9%,$13989.7,$2647.5,29,14891,-,
776,Southwestern Energy,$3038,-21.3%,$891,65.9%,$6717,$914.4,-134,923,-,
777,Greenbrier,$3033.6,20.4%,$71.1,-53.2%,$2990.6,$578.3,74,17100,-,
778,Presidio,$3026.1,5.9%,$35.2,-73.8%,$2870.9,-,10,2900,-,
779,Citrix Systems,$3010.6,1.2%,$681.8,18.4%,$4388.9,$17319.8,-12,8400,-,
780,Mettler-Toledo International,$3008.7,2.5%,$561.1,9.5%,$2789.3,$16558.8,-5,15525,-,
781,Trinity Industries,$3005.1,19.8%,$137.6,-13.6%,$8701.4,$1923.6,73,11875,-,
782,Mutual of America Life Insurance,$3004.7,-1.3%,$-21.2,-232.5%,$23657.9,-,-27,1202,-,
783,Lincoln Electric Holdings,$3003.3,-0.8%,$293.1,2.1%,$2371.2,$4150.8,-21,11000,-,
784,Tailored Brands,$2998.7,-7.4%,$-82.3,-198.8%,$2419,$84.3,-63,16500,-,
785,A.O. Smith,$2992.7,-6.1%,$370,-16.7%,$3058,$6125.4,-54,15100,-,
786,ArcBest,$2988.3,-3.4%,$40,-40.6%,$1651.2,$443.9,-41,13000,-,
787,GoDaddy,$2988.1,12.3%,$137,77.7%,$6301.2,$9988.4,44,7024,-,
788,SkyWest,$2972,-7.8%,$340.1,21.3%,$6657.1,$1316.2,-63,13700,-,
789,Boston Properties,$2960.6,9%,$521.5,-10.5%,$21284.9,$14306.9,24,760,-,
790,Enable Midstream Partners,$2960,-13.7%,$396,-24%,$12266,$1118.5,-97,1735,-,
791,Middleby,$2959.4,8.7%,$352.2,11.1%,$5002.1,$3196.1,21,9778,-,
792,NOW,$2951,-5.6%,$-97,-286.5%,$1591,$563.5,-53,4300,-,
793,Unisys,$2948.7,4.4%,$-17.2,-122.8%,$2504,$776.8,3,20800,-,
794,Visteon,$2945,-1.3%,$70,-57.3%,$2271,$1344.4,-28,11000,-,
795,Graham Holdings,$2932.1,8.8%,$327.9,20.9%,$5931.2,$1790.6,26,15902,-,
796,Resolute Forest Products,$2923,-22.2%,$-47,-120%,$3626,$109.2,-140,6700,-,
797,Caleres,$2921.6,3.1%,$62.8,-,$2431.7,$208.2,-4,11400,-,
798,AGNC Investment,$2920,108.3%,$688,433.3%,$113082,$5723.2,-,51,-,
799,Hill-Rom Holdings,$2907.3,2.1%,$152.2,-39.7%,$4919,$6739.3,-9,10000,-,
800,Moog,$2904.7,7.2%,$179.7,86.3%,$3114.2,$1713.1,18,12809,-,
801,Legg Mason,$2903.3,-7.5%,$-28.5,-110%,$7794.1,$4244.7,-65,3246,-,
802,Atmos Energy,$2901.8,-6.9%,$511.4,-15.2%,$13367.6,$12132.5,-60,4776,-,
803,Woodward,$2900.2,24.7%,$259.6,43.9%,$3956.5,$3698.1,95,9023,-,
804,Palo Alto Networks,$2899.6,27.6%,$-81.9,-,$6592.2,$16347.6,108,7014,-,
805,H.B. Fuller,$2897,-4.7%,$130.8,-23.6%,$3985.7,$1435.9,-48,6369,-,
806,Akamai Technologies,$2893.6,6.6%,$478,60.2%,$7006.9,$14810.6,9,7724,-,
807,Avaya Holdings,$2887,1.3%,$-671,-,$6950,$770.9,-18,7900,-,
808,Maximus,$2886.8,20.7%,$240.8,9.1%,$1745.7,$3721.5,70,29600,-,
809,PerkinElmer,$2883.7,3.8%,$227.6,-4.4%,$6538.6,$8379,-7,13000,-,
810,Hawaiian Electric Industries,$2874.6,0.5%,$217.9,8%,$13745.3,$4698.7,-23,3841,-,
811,Kansas City Southern,$2866,5.6%,$538.9,-14.1%,$9786.8,$12228.5,5,7040,-,
812,AptarGroup,$2859.7,3.4%,$242.2,24.4%,$3562.1,$6474.7,-7,14000,-,
813,Public Storage,$2846.8,3.4%,$1520.5,-11.1%,$11365.4,$34684.6,-6,5900,-,
814,Selective Insurance Group,$2846.5,10.1%,$271.6,51.8%,$8797.2,$2967.5,25,2400,-,
815,ITT,$2846.4,3.7%,$325.1,-2.6%,$4107.7,$3992.8,-7,10500,-,
816,Donaldson,$2844.9,4%,$267.2,48.2%,$2142.6,$4897.2,-6,14100,-,
817,Park Hotels & Resorts,$2844,3.9%,$306,-35.2%,$11290,$1898.3,-8,488,-,
818,Kirby,$2838.4,-4.5%,$142.3,81.4%,$6079.1,$2608.1,-48,5550,-,
819,Hawaiian Holdings,$2832.2,-0.2%,$224,-4%,$4126.6,$479.7,-27,7437,-,
820,Popular,$2830.7,5.8%,$671.1,8.6%,$52115.3,$3103.3,7,8560,-,
821,Range Resources,$2827.6,-13.9%,$-1716.3,-,$6612.4,$580.8,-105,655,-,
822,PC Connection,$2820,4.5%,$82.1,27.1%,$937.3,$1085.7,-2,2609,-,
823,Amica Mutual Insurance,$2808.5,4.4%,$173.3,17.8%,$6382.9,-,-,3983,-,
824,EnerSys,$2808,8.8%,$160.2,34%,$3118.2,$2095.1,17,11000,-,
825,Helmerich & Payne,$2798.5,12.5%,$-33.7,-107%,$5839.5,$1703.9,34,8502,-,
826,NLV Financial,$2772.1,45.5%,$223.5,49%,$35766.1,-,-,1278,-,
827,Valmont Industries,$2767,0.4%,$153.8,63%,$2763.4,$2281.1,-21,9862,-,
828,PAE,$2763.9,6%,$-49.8,-,$1371.3,$597.3,-,20000,-,
829,Texas Roadhouse,$2756.2,12.2%,$174.5,10.3%,$1983.6,$2866.5,39,35554,-,
830,Cooper Tire & Rubber,$2752.6,-2%,$96.4,25.9%,$2802.3,$819.3,-32,8720,-,
831,Euronet Worldwide,$2750.1,8.4%,$346.7,48.9%,$4657.7,$4587.7,18,7700,-,
832,Zillow Group,$2742.8,105.7%,$-305.4,-,$6132,$7411.2,-,5249,-,
833,Atlas Air Worldwide Holdings,$2739.2,2.3%,$-293.1,-208.3%,$5385.6,$666.3,-7,3587,-,
834,Energizer Holdings,$2729.6,51.8%,$51.1,-45.3%,$5449.6,$2100.3,-,7500,-,
835,Magellan Midstream Partners,$2727.9,-3.5%,$1020.8,-23.5%,$8437.7,$8309.7,-40,1884,-,
836,Hain Celestial Group,$2710.6,-8.7%,$-183.3,-1991%,$2582.6,$2710.9,-64,5441,-,
837,Univision Communications,$2703.8,-3.2%,$286.8,5875%,$9320.7,-,-36,4500,-,
838,Equity Residential,$2701.1,4.8%,$970.4,47.6%,$21172.8,$22954.8,4,2700,-,
839,Allison Transmission Holdings,$2698,-0.6%,$604,-5.5%,$4450,$3818.5,-22,3700,-,
840,Colony Capital,$2689.6,0.9%,$-1048.8,-,$19832.2,$852.9,-12,400,-,
841,TTM Technologies,$2689.3,-5.5%,$41.3,-76.2%,$3560.9,$1095.6,-50,25700,-,
842,Clear Channel Outdoor Holdings,$2683.8,-1.4%,$-363.3,-,$6393.3,$298.5,-,5900,-,
843,Guess,$2678.1,2.6%,$96,580.7%,$2429,$444.4,-7,15800,-,
844,Rent-A-Center,$2669.9,0.4%,$173.5,1943.6%,$1582.8,$781,-14,14500,-,
845,Take-Two Interactive Software,$2668.4,48.8%,$333.8,92.4%,$4243.1,$13453.3,-,4894,-,
846,Vishay Intertechnology,$2668.3,-12.1%,$163.9,-52.6%,$3120.8,$2084.3,-87,22400,-,
847,TransUnion,$2656.1,14.6%,$346.9,25.4%,$7113.2,$12560,54,8000,-,
848,Cooper,$2653.4,4.8%,$466.7,233.6%,$6274.5,$14701.6,2,12000,-,
849,FleetCor Technologies,$2648.8,8.8%,$895.1,10.3%,$12248.5,$15935.9,23,8700,-,
850,RH,$2647.4,5.7%,$220.4,46.3%,$2445.7,$1932.9,6,4750,-,
851,Renewable Energy Group,$2643.2,10.6%,$380.1,30%,$1785.3,$801,28,829,-,
852,BlueLinx Holdings,$2637.3,-7.9%,$-17.7,-,$971.4,$46.4,-66,2189,-,
853,California Resources,$2634,-14%,$-28,-108.5%,$6958,$49.4,-104,1250,-,
854,TopBuild,$2624.1,10.1%,$191,41.7%,$2604,$2400.1,28,10400,-,
855,Charles River Laboratories International,$2621.2,15.7%,$252,11.3%,$4692.8,$6245.5,61,17100,-,
856,Comfort Systems USA,$2615.3,19.8%,$114.3,1.3%,$1505,$1338.2,78,12000,-,
857,Verisk Analytics,$2607.1,8.9%,$449.9,-24.9%,$7055.2,$22729.5,20,9180,-,
858,ResMed,$2606.6,11.4%,$404.6,28.2%,$4107.7,$21300.6,36,7240,-,
859,Teleflex,$2595.4,6%,$461.5,129.8%,$6309.8,$13580.1,11,14400,-,
860,New Jersey Resources,$2592,-11.1%,$169.5,-27.4%,$4373,$3246.5,-81,1108,-,
861,New Residential Investment,$2585.6,15.6%,$563.3,-41.6%,$44863.5,$2081.9,61,3387,-,
862,Interactive Brokers Group,$2580,9%,$161,-4.7%,$71676,$3313.4,26,1643,-,
863,Zayo Group Holdings,$2578,-1%,$150,47.2%,$9334.6,-,-25,3781,-,
864,Herman Miller,$2567.2,7.8%,$160.5,25.3%,$1569.3,$1311.2,20,8000,-,
865,Grocery Outlet Holding,$2559.6,11.9%,$15.4,-2.8%,$2185.5,$3087.2,-,765,-,
866,J.Crew Group,$2540.1,2.3%,$-78.8,-,$1599.3,-,-6,9400,-,
867,Century Communities,$2535.9,18.1%,$113,17.1%,$2500,$483.4,78,1460,-,
868,Caesars Entertainment,$2528.2,23%,$81,-14.9%,$5640.6,$1120.3,103,15500,-,
869,Catalent,$2518,2.2%,$137.4,64.4%,$6184,$8045.1,-4,12300,-,
870,Itron,$2502.5,5.3%,$49,-,$2707.8,$2242.2,16,7300,-,
871,M/I Homes,$2500.3,9.4%,$127.6,18.5%,$2105.6,$472.4,36,1401,-,
872,Cboe Global Markets,$2496.1,-9.8%,$374.9,-12.1%,$5113.9,$9856.3,-69,823,-,
873,IDEX,$2494.6,0.4%,$425.5,3.6%,$3813.9,$10529.4,-11,7439,-,
874,Belden,$2491.8,-3.6%,$-377,-334.3%,$3406.8,$1640.2,-34,7000,-,
875,Curtiss-Wright,$2488,3.2%,$307.6,11.5%,$3764.3,$3929.4,1,9100,-,
876,Cheesecake Factory,$2482.7,6.4%,$127.3,28.5%,$2840.6,$767.9,20,46250,-,
877,Genesis Energy,$2480.8,-14.8%,$96,-,$6597.6,$480.5,-97,2177,-,
878,GEO Group,$2477.9,6.3%,$166.6,14.8%,$4317.5,$1474.3,19,22000,-,
879,Patterson-UTI Energy,$2470.7,-25.7%,$-425.7,-,$4439.6,$451.6,-170,5800,-,
880,Werner Enterprises,$2463.7,0.2%,$166.9,-0.7%,$2143.9,$2514.7,-13,12736,-,
881,Ingersoll Rand,$2451.9,-8.8%,$159.1,-40.9%,$4628.4,$10306.3,-59,6600,-,
882,Verso,$2444,-8.9%,$96,-43.9%,$1721,$396.9,-58,3700,-,
883,Mueller Industries,$2430.6,-3.1%,$101,-3.3%,$1370.9,$1364.5,-28,4964,-,
884,Nu Skin Enterprises,$2420.4,-9.7%,$173.6,42.4%,$1769,$1213.7,-59,24900,-,
885,Revlon,$2419.6,-5.7%,$-157.7,-,$2980.6,$580.1,-39,7100,-,
886,Arista Networks,$2410.7,12.1%,$859.9,162.1%,$4185.3,$15490.9,57,2300,-,
887,IDEXX Laboratories,$2406.9,8.8%,$427.7,13.4%,$1832.5,$20644.9,42,9200,-,
888,Align Technology,$2406.8,22.4%,$442.8,10.6%,$2500.7,$13699.1,107,14530,-,
889,Waters,$2406.6,-0.6%,$592.2,-0.3%,$2557.1,$11315.9,-14,7467,-,
890,Synovus Financial,$2406.5,48.1%,$563.8,31.6%,$48203.3,$2585.8,-,5389,-,
891,BrightView Holdings,$2404.6,2.2%,$44.4,-,$2928.6,$1159.6,-1,21978,-,
892,REV Group,$2403.7,0.9%,$-12.3,-194.6%,$1347.1,$263.8,-9,8040,-,
893,Brown & Brown,$2392.2,18.8%,$398.5,15.8%,$7622.8,$10269.3,88,10083,-,
894,Valvoline,$2390,4.6%,$208,25.3%,$2064,$2466.8,14,7900,-,
895,Knights of Columbus,$2387.8,3%,$148.3,83.8%,$26860.6,-,5,772,-,
896,Central Garden & Pet,$2383,7.6%,$92.8,-24.9%,$2025,$1441.2,32,5550,-,
897,Carpenter Technology,$2380.2,10.3%,$167,-11.4%,$3187.8,$932.1,43,5100,-,
898,SLM,$2380,26.4%,$578.3,18.6%,$32686.5,$3038.6,-,1900,-,
899,Kennametal,$2375.2,0.3%,$241.9,20.9%,$2656.3,$1543.6,-12,10395,-,
900,LCI Industries,$2371.5,-4.2%,$146.5,-1.4%,$1862.6,$1673.9,-36,10500,-,
901,TrueBlue,$2368.8,-5.2%,$63.1,-4.1%,$1136.2,$492.9,-43,6200,-,
902,Cimarex Energy,$2363,1%,$-124.6,-115.7%,$7140,$1718.9,-7,987,-,
903,Splunk,$2358.9,30.8%,$-336.7,-,$5439.5,$20022.6,-,5800,-,
904,SiteOne Landscape Supply,$2357.5,11.6%,$77.7,5.1%,$1443.3,$3076.5,51,4416,-,
905,Hexcel,$2355.7,7.6%,$306.6,10.8%,$3128.6,$3099.6,27,6977,-,
906,FTI Consulting,$2352.7,16%,$216.7,43.9%,$2783.1,$4490.6,72,5567,-,
907,Party City Holdco,$2348.8,-3.2%,$-532.5,-532%,$3595.3,$43.3,-34,14350,-,
908,Ohio National Mutual,$2340.5,-2%,$-67.6,-193.1%,$40366.8,-,-28,1109,-,
909,Patrick Industries,$2337.1,3.3%,$89.6,-25.3%,$1471,$672.5,8,7500,-,
910,Cadence Design Systems,$2336.3,9.3%,$989,186%,$3357.2,$18546.2,38,8078,-,
911,CDK Global,$2332.9,2.6%,$124,-67.4%,$2999,$3991,-,9000,-,
912,AvalonBay Communities,$2324.6,1.8%,$786,-19.3%,$19121.1,$20711.9,-3,3122,-,
913,Wabash National,$2319.1,2.3%,$89.6,29%,$1304.6,$381.6,2,6900,-,
914,Service Properties Trust,$2316.1,0.9%,$259.8,39.9%,$9034,$888.6,-10,600,-,
915,Maxim Integrated Products,$2314.3,-6.7%,$827.5,77.1%,$3744,$13095.3,-52,7131,-,
916,People's United Financial,$2312.2,20.3%,$520.4,11.2%,$58589.8,$4792.8,-,6305,-,
917,Bio-Rad Laboratories,$2311.7,1%,$1758.7,381%,$8008.9,$10490.6,-11,8120,-,
918,Option Care Health,$2310.4,15.5%,$-75.9,-,$2589.5,$1673.4,-,5492,-,
919,Louisiana-Pacific,$2310,-18.3%,$-5,-101.3%,$1835,$1924.5,-125,4800,-,
920,TEGNA,$2299.5,4.2%,$286.2,-29.4%,$6954,$2371.3,10,6883,-,
921,Teradyne,$2295,9.2%,$467.5,3.5%,$2787,$9025.5,39,5400,-,
922,Arch Resources,$2294.4,-6.4%,$233.8,-25.2%,$1867.8,$437.6,-53,3700,-,
923,EPAM Systems,$2293.8,24.5%,$261.1,8.7%,$2244.2,$10259.4,-,36739,-,
924,WPX Energy,$2292,-3.9%,$256,69.5%,$8413,$1706.1,-43,590,-,
925,Contura Energy,$2290.5,12.7%,$-316.3,-205.7%,$2302.8,$42.9,52,4360,-,
926,Ensign Group,$2285.6,12%,$110.5,19.7%,$2361.9,$2013.3,48,24500,-,
927,First Horizon National,$2278.4,0.4%,$440.9,-19.1%,$43310.9,$2513,-13,4994,-,
928,Wolverine World Wide,$2273.7,1.5%,$128.5,-35.8%,$2480,$1232.3,-7,4000,-,
929,Vail Resorts,$2271.6,12.9%,$301.2,-20.7%,$4426.1,$5947.7,54,23000,-,
930,Benchmark Electronics,$2268.1,-11.6%,$23.4,2.7%,$1759.9,$727.9,-85,10600,-,
931,HNI,$2246.9,-0.5%,$110.5,18.3%,$1452.5,$1075.8,-13,8450,-,
932,F5 Networks,$2242.4,3.7%,$427.7,-5.7%,$3390.3,$6483.5,7,5325,-,
933,Affiliated Managers Group,$2239.6,-5.8%,$15.7,-93.6%,$7653.5,$2830.9,-48,4000,-,
934,OGE Energy,$2231.6,-1.7%,$433.6,1.9%,$11024.3,$6151.5,-21,2425,-,
935,Universal,$2227.2,9.5%,$104.1,-1.5%,$2133.2,$1090.7,41,28000,-,
936,BOK Financial,$2226.3,20.7%,$500.8,12.4%,$42172,$2996.1,-,5107,-,
937,ManTech International,$2222.6,13.5%,$113.9,38.7%,$2107.9,$2920.1,62,8900,-,
938,Summit Materials,$2222.1,5.8%,$59.1,74.2%,$4067.6,$1699.7,21,6000,-,
939,AMN Healthcare Services,$2222.1,4%,$114,-19.6%,$1931.6,$2708.7,11,3236,-,
940,Groupon,$2218.9,-15.8%,$-22.4,-,$1586.7,$555.7,-107,6345,-,
941,Newmark Group,$2218.1,8.3%,$117.3,9.9%,$3201.6,$754,32,5600,-,
942,Fossil Group,$2217.7,-12.7%,$-52.4,-,$1604.7,$166.4,-95,10200,-,
943,Modine Manufacturing,$2212.7,5.2%,$84.8,282%,$1538,$165.1,15,12200,-,
944,Griffon,$2209.3,3%,$37.3,-70.3%,$2074.9,$593.4,2,7300,-,
945,Cypress Semiconductor,$2205.3,-11.2%,$40.4,-88.6%,$3556.1,$8713.4,-84,5871,-,
946,Generac Holdings,$2204.3,8.9%,$252,5.8%,$2665.7,$5829.4,33,5551,-,
947,Matson,$2203.1,-0.9%,$82.7,-24.1%,$2845.4,$1317.9,-23,1988,-,
948,Genesco,$2197.1,-24.5%,$61.4,-,$1680.5,$196.1,-167,13850,-,
949,Nordson,$2194.2,-2.7%,$337.1,-10.7%,$3516.4,$7814.9,-30,7579,-,
950,NewMarket,$2190.3,-4.3%,$254.3,8.3%,$1885.1,$4284.1,-45,2118,-,
951,Echo Global Logistics,$2185,-10.4%,$14.8,-48.3%,$826.7,$457.9,-80,2539,-,
952,Rexnord,$2175.2,5.3%,$34.3,-54.8%,$3259.7,$2761.4,18,6700,-,
953,Incyte,$2158.8,14.7%,$446.9,308.2%,$3426.8,$15874.5,-,1456,-,
954,Fortinet,$2156.2,19.7%,$326.5,-1.7%,$3885.5,$17453.3,-,7082,-,
955,Foundation Building Materials,$2154.5,-6.9%,$40.2,-,$1411.8,$444.5,-53,3500,-,
956,AAR,$2147.6,16.4%,$7.5,-51.9%,$1517.2,$623.4,-,5650,-,
957,Centric Brands,$2146.5,259.8%,$-273.5,-,$2154.7,$66.1,-,3250,-,
958,Edgewell Personal Care,$2141,-4.2%,$-372.2,-460.3%,$3420.9,$1307.6,-35,6000,-,
959,Federated Mutual Insurance,$2134.5,11%,$229.6,4%,$8825.2,-,-,2638,-,
960,Schnitzer Steel Industries,$2132.8,-9.8%,$56.3,-64%,$1160.7,$353.9,-71,3363,-,
961,Portland General Electric,$2123,6.6%,$214,0.9%,$8394,$4288.9,31,2949,-,
962,Gray Television,$2122,95.7%,$179,-15.1%,$6972,$1071.6,-,7465,-,
963,BGC Partners,$2104.2,8.6%,$55.7,-71.8%,$3916.1,$894.3,-,5200,-,
964,EchoStar,$2098.3,0.3%,$-62.9,-,$7154.3,$3126.8,-3,2300,-,
965,Beazer Homes USA,$2087.8,-0.9%,$-79.5,-,$1957.6,$202.1,-9,1205,-,
966,LHC Group,$2080.2,14.9%,$95.7,50.6%,$2140.3,$4419.9,-,22785,-,
967,ServiceMaster Global Holdings,$2077,9.3%,$128,-,$5322,$3657,-,12000,-,
968,Bruker,$2072.6,9.3%,$197.2,9.7%,$2771.5,$5529.7,-,7230,-,
969,Oasis Petroleum,$2071.7,-10.8%,$-128.2,-,$7499.3,$113.3,-70,609,-,
970,CrossAmerica Partners,$2071.4,-11.8%,$18.1,244.2%,$905.3,$298.4,-,548,-,
971,MYR Group,$2071.2,35.3%,$37.7,21.2%,$1007.9,$436.2,-,7100,-,
972,Viasat,$2068.3,29.7%,$-67.6,-,$3915.3,$2231.7,-,5600,-,
973,GNC Holdings,$2068.2,-12.1%,$-35.1,-150.3%,$1650.6,$39.6,-82,8400,-,
974,Cabot Oil & Gas,$2066.3,-5.6%,$681.1,22.3%,$4487.2,$6851.5,-41,547,-,
975,Bright Horizons Family Solutions,$2062,8.3%,$180.4,14.2%,$3330.4,$5936.4,-,33800,-,
976,Vista Outdoor,$2058.5,-10.8%,$-648.4,-,$1738,$509.3,-73,5200,-,
977,HEICO,$2055.6,15.6%,$327.9,26.5%,$2969.2,$9184.7,-,5900,-,
978,Wyndham Hotels & Resorts,$2053,-,$157,-,$4533,$2933.8,-,14200,-,
979,TCF Financial,$2052.8,27.3%,$295.5,-2.9%,$46651.6,$3451.2,-,7732,-,
980,Primerica,$2052.5,8%,$366.4,13.1%,$13688.5,$3637.2,-,2502,-,
981,ProPetro Holding,$2052.3,20.4%,$163,-6.2%,$1436.1,$251.5,-,1579,-,
982,Oceaneering International,$2048.1,7.3%,$-348.4,-,$2740.7,$291.8,-,9100,-,
983,Floor & Decor Holdings,$2045.5,19.6%,$150.6,29.6%,$2324.3,$3282.4,-,6336,-,
984,Copart,$2042,13.1%,$591.7,41.6%,$2547.6,$16013.5,-,7327,-,
985,Chico's FAS,$2037.9,-4.4%,$-12.8,-135.8%,$1542.7,$155.2,-33,10944,-,
986,Barnes & Noble Education,$2034.6,-7.7%,$-24.4,-,$946.2,$65.7,-55,12400,-,
987,Maxar Technologies,$2033,-5%,$109,-,$5157,$642.3,-40,5800,-,
988,Evercore,$2028.8,-2.6%,$297.4,-21.2%,$2598.6,$1871.9,-24,1900,-,
989,Deckers Outdoor,$2020.4,6.2%,$264.3,131.1%,$1427.2,$3750.3,-,3500,-,
990,Express,$2019.2,-4.6%,$-164.4,-1806.7%,$1790.7,$95.2,-36,9160,-,
991,Hovnanian Enterprises,$2016.9,1.3%,$-42.1,-1031.8%,$1881.4,$50.5,-,1868,-,
992,Air Lease,$2016.9,20.1%,$587.1,14.9%,$21709.2,$2515.9,-,117,-,
993,Rollins,$2015.5,10.6%,$203.3,-12.2%,$1744.4,$11845.9,-,14952,-,
994,SBA Communications,$2014.6,8%,$147,209.8%,$9759.9,$30217.6,-,1475,-,
995,Deluxe,$2008.7,0.5%,$-199.9,-233.6%,$1943.3,$1093.9,-6,6352,-,
996,Mr. Cooper Group,$2007,-,$274,-,$18305,$674.1,-,9100,-,
997,Herc Holdings,$1999,1.1%,$47.5,-31.3%,$3817,$590.5,-4,5100,-,
998,Healthpeak Properties,$1997.4,8.2%,$45.5,-95.7%,$14032.9,$12059.3,-,204,-,
999,SPX FLOW,$1996.3,-4.5%,$-95.1,-316.1%,$2437.4,$1211.8,-37,5000,-,
1000,Liberty Oilfield Services,$1990.3,-7.6%,$39,-69.2%,$1283.4,$302.8,-58,2571,-,
